Player ,Pos.,Team,Total Value,APY,Total Guaranteed,Avg. Guarantee/Year,% Guaranteed
Joe Burrow,QB,Bengals,"275,000,000.00","55,000,000.00","146,510,000.00","29,302,000.00",53.30%
Justin Herbert,QB,Chargers,"262,500,000.00","52,500,000.00","133,738,375.00","26,747,675.00",50.90%
Lamar Jackson,QB,Ravens,"260,000,000.00","52,000,000.00","135,000,000.00","27,000,000.00",51.90%
Jalen Hurts,QB,Eagles,"255,000,000.00","51,000,000.00","110,000,000.00","22,000,000.00",43.10%
Russell Wilson,QB,Broncos,"245,000,000.00","49,000,000.00","124,000,000.00","24,800,000.00",50.60%
Kyler Murray,QB,Cardinals,"230,500,000.00","46,100,000.00","103,300,000.00","20,660,000.00",44.80%
Deshaun Watson,QB,Browns,"230,000,000.00","46,000,000.00","230,000,000.00","46,000,000.00",100.00%
Patrick Mahomes,QB,Chiefs,"450,000,000.00","45,000,000.00","63,081,905.00","6,308,191.00",14.00%
Josh Allen,QB,Bills,"258,000,000.00","43,000,000.00","100,000,000.00","16,666,667.00",38.80%
Dak Prescott,QB,Cowboys,"160,000,000.00","40,000,000.00","95,000,000.00","23,750,000.00",59.40%
Daniel Jones,QB,Giants,"160,000,000.00","40,000,000.00","81,000,000.00","20,250,000.00",50.60%
Matt Stafford,QB,Rams,"160,000,000.00","40,000,000.00","63,000,000.00","15,750,000.00",39.40%
Aaron Rodgers,QB,Jets,"112,500,000.00","37,500,000.00","75,000,000.00","25,000,000.00",66.70%
Derek Carr,QB,Saints,"150,000,000.00","37,500,000.00","60,000,000.00","15,000,000.00",40.00%
Kirk Cousins,QB,Vikings,"35,000,000.00","35,000,000.00","70,000,000.00","70,000,000.00",100.00%
Nick Bosa,EDGE,49ers,"170,000,000.00","34,000,000.00","88,000,000.00","17,600,000.00",51.80%
Jared Goff,QB,Lions,"134,000,000.00","33,500,000.00","57,042,682.00","14,260,671.00",42.60%
Aaron Donald,IDL,Rams,"95,000,000.00","31,666,667.00","46,500,000.00","15,500,000.00",48.90%
Tyreek Hill,WR,Dolphins,"120,000,000.00","30,000,000.00","52,535,000.00","13,133,750.00",43.80%
Ryan Tannehill,QB,Titans,"118,000,000.00","29,500,000.00","62,000,000.00","15,500,000.00",52.50%
T.J. Watt,EDGE,Steelers,"112,011,000.00","28,002,750.00","80,000,000.00","20,000,000.00",71.40%
Davante Adams,WR,Raiders,"140,000,000.00","28,000,000.00","22,750,000.00","4,550,000.00",16.30%
Joey Bosa,EDGE,Chargers,"135,000,000.00","27,000,000.00","78,000,000.00","15,600,000.00",57.80%
Cooper Kupp,WR,Rams,"80,100,000.00","26,700,000.00","35,000,000.00","11,666,667.00",43.70%
Geno Smith,QB,Seahawks,"75,000,000.00","25,000,000.00","27,300,000.00","9,100,000.00",36.40%
Myles Garrett,EDGE,Browns,"125,000,000.00","25,000,000.00","50,000,000.00","10,000,000.00",40.00%
A.J. Brown,WR,Eagles,"100,000,000.00","25,000,000.00","56,470,471.00","14,117,618.00",56.50%
Laremy Tunsil,LT,Texans,"75,000,000.00","25,000,000.00","50,000,000.00","16,666,667.00",66.70%
Montez Sweat,EDGE,Bears,"98,000,000.00","24,500,000.00","41,965,000.00","10,491,250.00",42.80%
Jimmy Garoppolo,QB,Raiders,"72,750,000.00","24,250,000.00","33,750,000.00","11,250,000.00",46.40%
Rashan Gary,EDGE,Packers,"96,000,000.00","24,000,000.00","34,636,928.00","8,659,232.00",36.10%
D.K. Metcalf,WR,Seahawks,"72,000,000.00","24,000,000.00","31,000,000.00","10,333,333.00",43.10%
Stefon Diggs,WR,Bills,"96,000,000.00","24,000,000.00","47,985,000.00","11,996,250.00",50.00%
Quinnen Williams,IDL,Jets,"96,000,000.00","24,000,000.00","47,835,000.00","11,958,750.00",49.80%
Deebo Samuel,WR,49ers,"71,550,000.00","23,850,000.00","41,000,000.00","13,666,667.00",57.30%
Jeffery Simmons,IDL,Titans,"94,000,000.00","23,500,000.00","47,830,000.00","11,957,500.00",50.90%
Khalil Mack,EDGE,Chargers,"141,000,000.00","23,500,000.00","60,000,000.00","10,000,000.00",42.60%
Andrew Thomas,LT,Giants,"117,500,000.00","23,500,000.00","67,000,000.00","13,400,000.00",57.00%
Maxx Crosby,EDGE,Raiders,"94,000,000.00","23,500,000.00","26,515,000.00","6,628,750.00",28.20%
Terry McLaurin,WR,Commanders,"69,600,000.00","23,200,000.00","34,654,118.00","11,551,373.00",49.80%
Trent Williams,LT,49ers,"138,060,000.00","23,010,000.00","40,050,000.00","6,675,000.00",29.00%
David Bakhtiari,LT,Packers,"92,000,000.00","23,000,000.00","30,000,000.00","7,500,000.00",32.60%
Dexter Lawrence,IDL,Giants,"90,000,000.00","22,500,000.00","46,500,000.00","11,625,000.00",51.70%
Daron Payne,IDL,Commanders,"90,000,000.00","22,500,000.00","46,010,000.00","11,502,500.00",51.10%
Bradley Chubb,EDGE,Dolphins,"110,000,000.00","22,000,000.00","33,462,444.00","6,692,489.00",30.40%
DeForest Buckner,IDL,Colts,"84,000,000.00","21,000,000.00","39,378,000.00","9,844,500.00",46.90%
Jaire Alexander,CB,Packers,"84,000,000.00","21,000,000.00","30,000,000.00","7,500,000.00",35.70%
Trey Hendrickson,EDGE,Bengals,"21,000,000.00","21,000,000.00","8,000,000.00","8,000,000.00",38.10%
Javon Hargrave,IDL,49ers,"84,000,000.00","21,000,000.00","40,000,000.00","10,000,000.00",47.60%
Leonard Williams,IDL,Seahawks,"63,000,000.00","21,000,000.00","45,000,000.00","15,000,000.00",71.40%
D.J. Moore,WR,Bears,"61,884,000.00","20,628,000.00","41,610,000.00","13,870,000.00",67.20%
Chris Lindstrom,RG,Falcons,"102,500,000.00","20,500,000.00","48,202,000.00","9,640,400.00",47.00%
Lane Johnson,RT,Eagles,"80,750,000.00","20,187,500.00","30,000,000.00","7,500,000.00",37.20%
Denzel Ward,CB,Browns,"100,500,000.00","20,100,000.00","44,500,000.00","8,900,000.00",44.30%
Keenan Allen,WR,Chargers,"80,100,000.00","20,025,000.00","32,000,000.00","8,000,000.00",40.00%
Quenton Nelson,LG,Colts,"80,000,000.00","20,000,000.00","41,000,000.00","10,250,000.00",51.30%
Roquan Smith,LB,Ravens,"100,000,000.00","20,000,000.00","45,000,000.00","9,000,000.00",45.00%
Von Miller,EDGE,Bills,"120,000,000.00","20,000,000.00","45,000,000.00","7,500,000.00",37.50%
Amari Cooper,WR,Browns,"100,000,000.00","20,000,000.00","40,000,000.00","8,000,000.00",40.00%
Chris Godwin,WR,Buccaneers,"60,000,000.00","20,000,000.00","40,000,000.00","13,333,333.00",66.70%
Jalen Ramsey,CB,Dolphins,"100,000,000.00","20,000,000.00","43,703,000.00","8,740,600.00",43.70%
Chris Jones,IDL,Chiefs,"80,000,000.00","20,000,000.00","37,626,000.00","9,406,500.00",47.00%
Mike Williams,WR,Chargers,"60,000,000.00","20,000,000.00","40,000,000.00","13,333,333.00",66.70%
Jawaan Taylor,RT,Chiefs,"80,000,000.00","20,000,000.00","40,000,000.00","10,000,000.00",50.00%
Ronnie Stanley,LT,Ravens,"98,750,000.00","19,750,000.00","64,116,000.00","12,823,200.00",64.90%
Marlon Humphrey,CB,Ravens,"97,500,000.00","19,500,000.00","39,957,407.00","7,991,481.00",41.00%
Marshon Lattimore,CB,Saints,"97,000,000.00","19,400,000.00","44,346,588.00","8,869,318.00",45.70%
Trevon Diggs,CB,Cowboys,"97,000,000.00","19,400,000.00","33,304,000.00","6,660,800.00",34.30%
Ryan Ramczyk,RT,Saints,"96,000,000.00","19,200,000.00","43,014,824.00","8,602,965.00",44.80%
Fred Warner,LB,49ers,"95,225,000.00","19,045,000.00","27,500,000.00","5,500,000.00",28.90%
Derwin James,S,Chargers,"76,000,000.00","19,000,000.00","38,584,471.00","9,646,118.00",50.80%
Tytus Howard,RT,Texans,"56,000,000.00","18,666,667.00","36,002,000.00","12,000,667.00",64.30%
Brian O'Neill,RT,Vikings,"92,500,000.00","18,500,000.00","22,576,118.00","4,515,224.00",24.40%
Jake Matthews,LT,Falcons,"55,500,000.00","18,500,000.00","26,558,823.00","8,852,941.00",47.90%
Zack Martin,RG,Cowboys,"36,850,000.00","18,425,000.00","36,850,000.00","18,425,000.00",100.00%
Diontae Johnson,WR,Steelers,"36,710,000.00","18,355,000.00","19,000,000.00","9,500,000.00",51.80%
Minkah Fitzpatrick,S,Steelers,"72,988,000.00","18,247,000.00","36,000,000.00","9,000,000.00",49.30%
Kolton Miller,LT,Raiders,"54,015,000.00","18,005,000.00","25,000,000.00","8,333,333.00",46.30%
Xavien Howard,CB,Dolphins,"90,000,000.00","18,000,000.00","36,300,000.00","7,260,000.00",40.30%
Tremaine Edmunds,LB,Bears,"72,000,000.00","18,000,000.00","41,800,000.00","10,450,000.00",58.10%
Jonathan Allen,IDL,Commanders,"72,000,000.00","18,000,000.00","33,142,235.00","8,285,559.00",46.00%
Christian Kirk,WR,Jaguars,"72,000,000.00","18,000,000.00","37,000,000.00","9,250,000.00",51.40%
Vita Vea,IDL,Buccaneers,"71,000,000.00","17,750,000.00","14,734,440.00","3,683,610.00",20.80%
Cam Robinson,LT,Jaguars,"52,750,000.00","17,583,333.00","33,000,000.00","11,000,000.00",62.60%
Jamal Adams,S,Seahawks,"70,000,000.00","17,500,000.00","21,000,000.00","5,250,000.00",30.00%
Mike McGlinchey,RT,Broncos,"87,500,000.00","17,500,000.00","35,000,000.00","7,000,000.00",40.00%
Harold Landry,EDGE,Titans,"87,500,000.00","17,500,000.00","35,250,000.00","7,050,000.00",40.30%
Braden Smith,RT,Colts,"70,000,000.00","17,500,000.00","32,000,000.00","8,000,000.00",45.70%
Kenny Clark,IDL,Packers,"70,000,000.00","17,500,000.00","25,000,000.00","6,250,000.00",35.70%
Tyler Lockett,WR,Seahawks,"69,200,000.00","17,300,000.00","21,000,000.00","5,250,000.00",30.30%
Tre'Davious White,CB,Bills,"69,000,000.00","17,250,000.00","36,700,000.00","9,175,000.00",53.20%
Dre'Mont Jones,IDL,Seahawks,"51,530,000.00","17,176,667.00","23,000,000.00","7,666,667.00",44.60%
Elgton Jenkins,LG,Packers,"68,000,000.00","17,000,000.00","24,000,000.00","6,000,000.00",35.30%
Shaquil Barrett,EDGE,Buccaneers,"68,000,000.00","17,000,000.00","34,500,000.00","8,625,000.00",50.70%
Alex Highsmith,EDGE,Steelers,"68,000,000.00","17,000,000.00","17,010,000.00","4,252,500.00",25.00%
Garett Bolles,LT,Broncos,"68,000,000.00","17,000,000.00","21,000,000.00","5,250,000.00",30.90%
Arik Armstead,IDL,49ers,"85,000,000.00","17,000,000.00","34,150,000.00","6,830,000.00",40.20%
Taylor Moton,RT,Panthers,"85,000,000.00","17,000,000.00","43,000,000.00","8,600,000.00",50.60%
D.J. Humphries,LT,Cardinals,"51,000,000.00","17,000,000.00","28,823,529.00","9,607,843.00",56.50%
Ed Oliver,IDL,Bills,"68,000,000.00","17,000,000.00","24,528,000.00","6,132,000.00",36.10%
Danielle Hunter,EDGE,Vikings,"17,000,000.00","17,000,000.00","17,000,000.00","17,000,000.00",100.00%
C.J. Mosley,LB,Jets,"85,000,000.00","17,000,000.00","43,000,000.00","8,600,000.00",50.60%
Darren Waller,TE,Giants,"51,000,000.00","17,000,000.00","19,250,000.00","6,416,667.00",37.70%
T.J. Hockenson,TE,Vikings,"66,000,000.00","16,500,000.00","29,292,000.00","7,323,000.00",44.40%
J.C. Jackson,CB,Patriots,"82,500,000.00","16,500,000.00","40,000,000.00","8,000,000.00",48.50%
Grady Jarrett,IDL,Falcons,"49,500,000.00","16,500,000.00","34,470,588.00","11,490,196.00",69.60%
Brandon Scherff,RG,Jaguars,"49,500,000.00","16,500,000.00","30,000,000.00","10,000,000.00",60.60%
Terence Steele,RT,Cowboys,"82,500,000.00","16,500,000.00","23,554,000.00","4,710,800.00",28.60%
Mike Evans,WR,Buccaneers,"82,500,000.00","16,500,000.00","38,258,000.00","7,651,600.00",46.40%
Cameron Heyward,IDL,Steelers,"65,600,000.00","16,400,000.00","20,250,000.00","5,062,500.00",30.90%
Emmanuel Ogbah,EDGE,Dolphins,"65,400,000.00","16,350,000.00","32,000,000.00","8,000,000.00",48.90%
Orlando Brown,LT,Bengals,"64,092,000.00","16,023,000.00","31,100,000.00","7,775,000.00",48.50%
Christian McCaffrey,RB,49ers,"64,063,412.00","16,015,853.00","30,062,500.00","7,515,625.00",46.90%
Jessie Bates III,S,Falcons,"64,020,000.00","16,005,000.00","36,000,000.00","9,000,000.00",56.20%
Joe Thuney,LG,Chiefs,"80,000,000.00","16,000,000.00","31,890,000.00","6,378,000.00",39.90%
Jordan Mailata,LT,Eagles,"64,000,000.00","16,000,000.00","18,850,000.00","4,712,500.00",29.50%
Joel Bitonio,LG,Browns,"48,000,000.00","16,000,000.00","14,602,942.00","4,867,647.00",30.40%
Harrison Smith,S,Vikings,"64,000,000.00","16,000,000.00","14,179,412.00","3,544,853.00",22.20%
Hunter Renfrow,WR,Raiders,"31,700,000.00","15,850,000.00","14,500,000.00","7,250,000.00",45.70%
Justin Simmons,S,Broncos,"61,000,000.00","15,250,000.00","32,100,000.00","8,025,000.00",52.60%
Zach Allen,IDL,Broncos,"45,750,000.00","15,250,000.00","32,500,000.00","10,833,333.00",71.00%
Terron Armstead,LT,Dolphins,"75,000,000.00","15,000,000.00","30,120,000.00","6,024,000.00",40.20%
Alvin Kamara,RB,Saints,"75,000,000.00","15,000,000.00","17,833,000.00","3,566,600.00",23.80%
Uchenna Nwosu,EDGE,Seahawks,"45,000,000.00","15,000,000.00","16,600,000.00","5,533,333.00",36.90%
Jack Conklin,RT,Browns,"60,000,000.00","15,000,000.00","13,985,000.00","3,496,250.00",23.30%
Odell Beckham Jr.,WR,Ravens,"15,000,000.00","15,000,000.00","15,000,000.00","15,000,000.00",100.00%
George Kittle,TE,49ers,"75,000,000.00","15,000,000.00","30,000,000.00","6,000,000.00",40.00%
Foyesade Oluokun,LB,Jaguars,"45,000,000.00","15,000,000.00","28,000,000.00","9,333,333.00",62.20%
Courtland Sutton,WR,Broncos,"60,000,000.00","15,000,000.00","18,848,944.00","4,712,236.00",31.40%
Haason Reddick,EDGE,Eagles,"45,000,000.00","15,000,000.00","30,000,000.00","10,000,000.00",66.70%
Taylor Decker,LT,Lions,"59,650,000.00","14,912,500.00","29,000,000.00","7,250,000.00",48.60%
Carlton Davis,CB,Buccaneers,"44,500,000.00","14,833,333.00","24,500,000.00","8,166,667.00",55.10%
Eddie Jackson,S,Bears,"58,400,000.00","14,600,000.00","22,000,000.00","5,500,000.00",37.70%
Dion Dawkins,LT,Bills,"58,300,000.00","14,575,000.00","29,500,441.00","7,375,110.00",50.60%
Travis Kelce,TE,Chiefs,"57,250,000.00","14,312,500.00","21,000,000.00","5,250,000.00",36.70%
Jason Kelce,C,Eagles,"14,250,000.00","14,250,000.00","14,250,000.00","14,250,000.00",100.00%
Dallas Goedert,TE,Eagles,"57,000,000.00","14,250,000.00","14,877,549.00","3,719,387.00",26.10%
Dalvin Tomlinson,IDL,Browns,"57,000,000.00","14,250,000.00","25,000,000.00","6,250,000.00",43.90%
Wyatt Teller,RG,Browns,"56,800,000.00","14,200,000.00","16,591,500.00","4,147,875.00",29.20%
Matt Milano,LB,Bills,"28,330,000.00","14,165,000.00","17,150,000.00","8,575,000.00",60.50%
Budda Baker,S,Cardinals,"28,200,000.00","14,100,000.00","13,400,000.00","6,700,000.00",47.50%
Darius Slay,CB,Eagles,"42,000,000.00","14,000,000.00","23,000,000.00","7,666,667.00",54.80%
Jonathan Taylor,RB,Colts,"42,000,000.00","14,000,000.00","19,347,556.00","6,449,185.00",46.10%
Marcus Williams,S,Ravens,"70,000,000.00","14,000,000.00","17,080,000.00","3,416,000.00",24.40%
Mark Andrews,TE,Ravens,"56,000,000.00","14,000,000.00","30,083,059.00","7,520,765.00",53.70%
Randy Gregory,EDGE,49ers,"69,500,000.00","13,900,000.00","28,000,000.00","5,600,000.00",40.30%
John Franklin-Myers,EDGE,Jets,"55,000,000.00","13,750,000.00","14,815,556.00","3,703,889.00",26.90%
Evan Engram,TE,Jaguars,"41,250,000.00","13,750,000.00","24,000,000.00","8,000,000.00",58.20%
David Njoku,TE,Browns,"54,750,000.00","13,687,500.00","17,000,000.00","4,250,000.00",31.10%
Frank Ragnow,C,Lions,"54,000,000.00","13,500,000.00","27,960,640.00","6,990,160.00",51.80%
Jordan Love,QB,Packers,"13,500,000.00","13,500,000.00","13,000,000.00","13,000,000.00",96.30%
Charvarius Ward,CB,49ers,"40,500,000.00","13,500,000.00","18,060,000.00","6,020,000.00",44.60%
Josh Sweat,EDGE,Eagles,"40,000,000.00","13,333,333.00","14,920,000.00","4,973,333.00",37.30%
Laken Tomlinson,LG,Jets,"40,000,000.00","13,333,333.00","23,900,000.00","7,966,667.00",59.80%
Demarcus Lawrence,EDGE,Cowboys,"40,000,000.00","13,333,333.00","30,000,000.00","10,000,000.00",75.00%
Joseph Noteboom,LT,Rams,"40,000,000.00","13,333,333.00","16,500,000.00","5,500,000.00",41.30%
Cameron Jordan,EDGE,Saints,"26,500,000.00","13,250,000.00","28,482,647.00","14,241,324.00",100.00%
D.J. Reader,IDL,Bengals,"53,000,000.00","13,250,000.00","20,250,000.00","5,062,500.00",38.20%
Quandre Diggs,S,Seahawks,"39,000,000.00","13,000,000.00","13,490,000.00","4,496,667.00",34.60%
Carl Granderson,EDGE,Saints,"52,000,000.00","13,000,000.00","22,130,000.00","5,532,500.00",42.60%
DeAndre Hopkins,WR,Titans,"26,000,000.00","13,000,000.00","10,980,000.00","5,490,000.00",42.20%
Jamel Dean,CB,Buccaneers,"52,000,000.00","13,000,000.00","21,500,000.00","5,375,000.00",41.30%
Ben Powers,LG,Broncos,"52,000,000.00","13,000,000.00","27,000,000.00","6,750,000.00",51.90%
Marcus Davenport,EDGE,Vikings,"13,000,000.00","13,000,000.00","10,000,000.00","10,000,000.00",76.90%
Preston Smith,EDGE,Packers,"52,000,000.00","13,000,000.00","12,200,000.00","3,050,000.00",23.50%
Adoree' Jackson,CB,Giants,"39,000,000.00","13,000,000.00","24,500,000.00","8,166,667.00",62.80%
Dawson Knox,TE,Bills,"52,000,000.00","13,000,000.00","19,920,000.00","4,980,000.00",38.30%
Ryan Jensen,C,Buccaneers,"39,000,000.00","13,000,000.00","23,000,000.00","7,666,667.00",59.00%
James Bradberry,CB,Eagles,"38,000,000.00","12,666,667.00","20,000,000.00","6,666,667.00",52.60%
Kevin Byard,S,Eagles,"25,100,000.00","12,550,000.00","7,000,000.00","3,500,000.00",27.90%
Cole Kmet,TE,Bears,"50,000,000.00","12,500,000.00","22,893,000.00","5,723,250.00",45.80%
Corey Linsley,C,Chargers,"62,500,000.00","12,500,000.00","17,000,000.00","3,400,000.00",27.20%
Derrick Henry,RB,Titans,"50,000,000.00","12,500,000.00","25,500,000.00","6,375,000.00",51.00%
Charles Leno Jr.,LT,Commanders,"37,000,000.00","12,500,000.00","9,000,000.00","3,000,000.00",24.30%
Hunter Henry,TE,Patriots,"37,500,000.00","12,500,000.00","25,000,000.00","8,333,333.00",66.70%
Jerome Baker,LB,Dolphins,"37,500,000.00","12,500,000.00","20,000,000.00","6,666,667.00",53.30%
Ryan Kelly,C,Colts,"49,650,000.00","12,412,500.00","25,350,000.00","6,337,500.00",51.10%
Nick Chubb,RB,Browns,"36,600,000.00","12,200,000.00","17,133,059.00","5,711,020.00",46.80%
Jalen Thompson,S,Cardinals,"36,000,000.00","12,000,000.00","20,000,000.00","6,666,667.00",55.60%
Austin Jackson,RT,Dolphins,"36,000,000.00","12,000,000.00","13,066,124.00","4,355,375.00",36.30%
Erik McCoy,C,Saints,"60,000,000.00","12,000,000.00","20,090,000.00","4,018,000.00",33.50%
Grant Delpit,S,Browns,"36,000,000.00","12,000,000.00","14,909,558.00","4,969,853.00",41.40%
Josh Jacobs,RB,Raiders,"11,791,000.00","11,791,000.00","10,091,000.00","10,091,000.00",85.60%
Donte Jackson,CB,Panthers,"35,180,000.00","11,726,667.00","16,757,500.00","5,585,833.00",47.60%
Za'Darius Smith,EDGE,Browns,"11,677,000.00","11,677,000.00","11,677,000.00","11,677,000.00",100.00%
Shaquille Mason,RG,Texans,"35,000,000.00","11,666,667.00","22,000,000.00","7,333,333.00",62.90%
David Onyemata,IDL,Falcons,"35,000,000.00","11,666,667.00","24,500,000.00","8,166,667.00",70.00%
Kaleb McGary,RT,Falcons,"34,500,000.00","11,500,000.00","15,000,000.00","5,000,000.00",43.50%
Aaron Jones,RB,Packers,"23,000,000.00","11,500,000.00","8,520,000.00","4,260,000.00",37.00%
Michael Gallup,WR,Cowboys,"57,500,000.00","11,500,000.00","23,000,000.00","4,600,000.00",40.00%
Davon Hamilton,IDL,Jaguars,"34,500,000.00","11,500,000.00","20,000,000.00","6,666,667.00",58.00%
Rob Havenstein,RT,Rams,"34,500,000.00","11,500,000.00","13,176,471.00","4,392,157.00",38.20%
Maliek Collins,IDL,Texans,"23,000,000.00","11,500,000.00","18,500,000.00","9,250,000.00",80.40%
Curtis Samuel,WR,Commanders,"34,500,000.00","11,500,000.00","21,500,000.00","7,166,667.00",62.30%
Matt Judon,EDGE,Patriots,"22,500,000.00","11,250,000.00","14,000,000.00","7,000,000.00",62.20%
Jakobi Meyers,WR,Raiders,"33,000,000.00","11,000,000.00","16,000,000.00","5,333,333.00",48.50%
Cameron Sutton,CB,Lions,"33,000,000.00","11,000,000.00","21,000,000.00","7,000,000.00",63.60%
Cesar Ruiz,RG,Saints,"44,000,000.00","11,000,000.00","18,188,981.00","4,547,245.00",41.30%
D.J. Reed,CB,Jets,"33,000,000.00","11,000,000.00","18,000,000.00","6,000,000.00",54.50%
Allen Lazard,WR,Jets,"44,000,000.00","11,000,000.00","22,000,000.00","5,500,000.00",50.00%
Tyler Boyd,WR,Bengals,"43,000,000.00","10,750,000.00","9,000,000.00","2,250,000.00",20.90%
Justin Reid,S,Chiefs,"31,500,000.00","10,500,000.00","20,485,000.00","6,828,333.00",65.00%
Yannick Ngakoue,EDGE,Bears,"10,500,000.00","10,500,000.00","9,990,000.00","9,990,000.00",95.10%
Davon Godchaux,IDL,Patriots,"20,800,000.00","10,400,000.00","17,850,000.00","8,925,000.00",85.80%
Grover Stewart,IDL,Colts,"30,750,000.00","10,250,000.00","5,752,824.00","1,917,608.00",18.70%
Zach Sieler,IDL,Dolphins,"30,750,000.00","10,250,000.00","17,725,000.00","5,908,333.00",57.60%
Cody Whitehair,LG,Bears,"51,250,000.00","10,250,000.00","12,026,078.00","2,405,216.00",23.50%
Tony Pollard,RB,Cowboys,"10,091,000.00","10,091,000.00","10,091,000.00","10,091,000.00",100.00%
Saquon Barkley,RB,Giants,"10,091,000.00","10,091,000.00","10,091,000.00","10,091,000.00",100.00%
D.J. Jones,IDL,Broncos,"30,000,000.00","10,000,000.00","20,000,000.00","6,666,667.00",66.70%
Darious Williams,CB,Jaguars,"30,000,000.00","10,000,000.00","18,000,000.00","6,000,000.00",60.00%
Stephon Gilmore,CB,Cowboys,"20,000,000.00","10,000,000.00","9,510,000.00","4,755,000.00",47.60%
Brandin Cooks,WR,Cowboys,"20,000,000.00","10,000,000.00","12,000,000.00","6,000,000.00",60.00%
Taysom Hill,TE,Saints,"40,000,000.00","10,000,000.00","10,100,000.00","2,525,000.00",25.30%
Michael Thomas,WR,Saints,"10,000,000.00","10,000,000.00","6,260,000.00","6,260,000.00",62.60%
Marquez Valdes-Scantling,WR,Chiefs,"30,000,000.00","10,000,000.00","8,560,000.00","2,853,333.00",28.50%
Nate Davis,RG,Bears,"30,000,000.00","10,000,000.00","17,500,000.00","4,375,000.00",58.30%
Fletcher Cox,IDL,Eagles,"10,000,000.00","10,000,000.00","10,000,000.00","10,000,000.00",100.00%
Sam Hubbard,EDGE,Bengals,"40,000,000.00","10,000,000.00","10,000,000.00","2,500,000.00",25.00%
Kendall Fuller,CB,Commanders,"40,000,000.00","10,000,000.00","13,500,000.00","3,375,000.00",33.80%
Folorunso Fatukasi,IDL,Jaguars,"30,000,000.00","10,000,000.00","20,000,000.00","6,666,667.00",66.70%
Amani Hooker,S,Titans,"30,000,000.00","10,000,000.00","17,150,000.00","5,716,667.00",57.20%
Bobby Okereke,LB,Giants,"40,000,000.00","10,000,000.00","21,800,000.00","5,450,000.00",54.50%
Duane Brown,LT,Jets,"20,000,000.00","10,000,000.00","9,000,000.00","4,500,000.00",45.00%
Tim Patrick,WR,Broncos,"30,000,000.00","10,000,000.00","13,004,000.00","4,334,667.00",43.30%
De'Vondre Campbell,LB,Packers,"50,000,000.00","10,000,000.00","15,000,000.00","3,000,000.00",30.00%
B.J. Hill,IDL,Bengals,"30,000,000.00","10,000,000.00","13,000,000.00","4,333,333.00",43.30%
Sheldon Rankins,IDL,Texans,"9,750,000.00","9,750,000.00","8,500,000.00","8,500,000.00",87.20%
Mitch Morse,C,Bills,"19,500,000.00","9,750,000.00","10,640,000.00","5,320,000.00",54.60%
Chukwuma Okorafor,RT,Steelers,"29,250,000.00","9,750,000.00","9,250,000.00","3,083,333.00",31.60%
Andre Dillard,LT,Titans,"29,000,000.00","9,666,666.00","10,000,000.00","3,333,333.00",34.50%
Micah Hyde,S,Bills,"19,250,000.00","9,625,000.00","9,600,000.00","4,800,000.00",49.90%
Larry Ogunjobi,IDL,Steelers,"28,750,000.00","9,583,333.00","12,000,000.00","4,000,000.00",41.70%
Jonathan Jones,CB,Patriots,"19,000,000.00","9,500,000.00","13,000,000.00","6,500,000.00",68.40%
Bryce Young,QB,Panthers,"37,955,074.00","9,488,769.00","37,955,074.00","9,488,769.00",100.00%
Travon Walker,EDGE,Jaguars,"37,372,624.00","9,343,156.00","37,372,624.00","9,343,156.00",100.00%
Demario Davis,LB,Saints,"28,000,000.00","9,333,333.00","7,380,000.00","2,460,000.00",26.40%
Trevor Lawrence,QB,Jaguars,"36,793,486.00","9,198,372.00","36,793,486.00","9,198,372.00",100.00%
C.J. Stroud,QB,Texans,"36,279,246.00","9,069,812.00","36,279,246.00","9,069,812.00",100.00%
Carl Lawson,EDGE,Jets,"9,000,000.00","9,000,000.00","8,000,000.00","8,000,000.00",88.90%
Tyrann Mathieu,S,Saints,"27,000,000.00","9,000,000.00","18,000,000.00","6,000,000.00",66.70%
Logan Wilson,LB,Bengals,"36,000,000.00","9,000,000.00","10,000,000.00","2,500,000.00",27.80%
Aidan Hutchinson,EDGE,Lions,"35,715,388.00","8,928,847.00","35,715,388.00","8,928,847.00",100.00%
James Daniels,RG,Steelers,"26,500,000.00","8,833,333.00","8,750,000.00","2,916,667.00",33.00%
Will Anderson Jr.,EDGE,Texans,"35,212,818.00","8,803,205.00","35,212,818.00","8,803,205.00",100.00%
Zach Wilson,QB,Jets,"35,150,680.00","8,787,695.00","35,150,680.00","8,787,670.00",100.00%
Austin Corbett,RG,Panthers,"26,250,000.00","8,750,000.00","19,600,000.00","6,533,333.00",74.70%
Byron Murphy,CB,Vikings,"17,500,000.00","8,750,000.00","8,100,000.00","4,050,000.00",46.30%
Rayshawn Jenkins,S,Jaguars,"35,000,000.00","8,750,000.00","16,000,000.00","4,000,000.00",45.70%
Alex Cappa,RG,Bengals,"35,000,000.00","8,750,000.00","11,000,000.00","2,750,000.00",31.40%
Derek Stingley Jr.,CB,Texans,"34,657,516.00","8,664,379.00","34,657,516.00","8,664,379.00",100.00%
Chase Young,EDGE,49ers,"34,563,598.00","8,640,900.00","34,563,598.00","8,640,900.00",100.00%
Trey Lance,QB,Cowboys,"34,105,258.00","8,526,315.00","34,105,258.00","8,526,315.00",100.00%
Tyler Higbee,TE,Rams,"17,000,000.00","8,500,000.00","11,075,980.00","5,537,990.00",65.20%
Russell Gage,WR,Buccaneers,"17,000,000.00","8,500,000.00","7,000,000.00","3,500,000.00",41.20%
JuJu Smith-Schuster,WR,Patriots,"25,500,000.00","8,500,000.00","16,000,000.00","5,333,333.00",62.70%
Anthony Richardson,QB,Colts,"33,994,030.00","8,498,508.00","33,994,030.00","8,498,508.00",100.00%
Michael Davis,CB,Chargers,"25,200,000.00","8,400,000.00","10,000,000.00","3,333,333.00",39.70%
Ahmad Gardner,CB,Jets,"33,450,798.00","8,362,700.00","33,450,798.00","8,362,700.00",100.00%
Tracy Walker,S,Lions,"25,000,000.00","8,333,333.00","16,000,000.00","5,333,333.00",64.00%
Adam Thielen,WR,Panthers,"25,000,000.00","8,333,333.00","14,000,000.00","4,666,667.00",56.00%
Kenny Moore,CB,Colts,"33,300,000.00","8,325,000.00","9,000,000.00","2,250,000.00",27.00%
Kyle Pitts,TE,Falcons,"32,910,496.00","8,227,624.00","32,910,496.00","8,227,624.00",100.00%
Dre Greenlaw,LB,49ers,"16,400,000.00","8,200,000.00","7,008,301.00","3,504,151.00",42.70%
Logan Thomas,TE,Commanders,"24,065,000.00","8,021,667.00","8,100,000.00","2,700,000.00",33.70%
Will Dissly,TE,Seahawks,"24,000,000.00","8,000,000.00","10,340,000.00","3,446,667.00",43.10%
C.J. Uzomah,TE,Jets,"24,000,000.00","8,000,000.00","15,000,000.00","5,000,000.00",62.50%
Taron Johnson,CB,Bills,"24,000,000.00","8,000,000.00","9,420,000.00","3,140,000.00",39.30%
Andrew Wylie,RT,Commanders,"24,000,000.00","8,000,000.00","12,000,000.00","4,000,000.00",50.00%
Jacoby Brissett,QB,Commanders,"8,000,000.00","8,000,000.00","7,500,000.00","7,500,000.00",93.80%
Charles Omenihu,EDGE,Chiefs,"16,000,000.00","8,000,000.00","8,600,000.00","4,300,000.00",53.80%
Zay Jones,WR,Jaguars,"24,000,000.00","8,000,000.00","14,000,000.00","4,666,667.00",58.30%
Samson Ebukam,EDGE,Colts,"24,000,000.00","8,000,000.00","10,755,000.00","3,585,000.00",44.80%
Isaac Seumalo,LG,Steelers,"24,000,000.00","8,000,000.00","6,950,000.00","2,316,667.00",29.00%
Devon Witherspoon,CB,Seahawks,"31,861,152.00","7,965,288.00","31,861,152.00","7,965,288.00",100.00%
Kayvon Thibodeaux,EDGE,Giants,"31,339,040.00","7,834,760.00","31,339,040.00","7,834,760.00",100.00%
Ja'Marr Chase,WR,Bengals,"30,819,642.00","7,704,911.00","30,819,642.00","7,704,911.00",100.00%
Denico Autry,IDL,Titans,"21,500,000.00","7,666,667.00","9,000,000.00","3,000,000.00",41.90%
Robert Woods,WR,Texans,"15,250,000.00","7,625,000.00","10,000,000.00","5,000,000.00",65.60%
Tua Tagovailoa,QB,Dolphins,"30,275,436.00","7,568,859.00","30,275,436.00","7,568,859.00",100.00%
Kevin Zeitler,RG,Ravens,"22,500,000.00","7,500,000.00","16,000,000.00","5,333,333.00",71.10%
Jonnu Smith,TE,Falcons,"15,000,000.00","7,500,000.00","8,500,000.00","4,250,000.00",56.70%
Marcus Maye,S,Saints,"22,500,000.00","7,500,000.00","14,500,000.00","4,833,333.00",64.40%
Avonte Maddox,CB,Eagles,"22,500,000.00","7,500,000.00","8,970,221.00","2,990,074.00",39.90%
Vonn Bell,S,Panthers,"22,500,000.00","7,500,000.00","13,000,000.00","4,333,333.00",57.80%
Allen Robinson,WR,Steelers,"15,000,000.00","7,500,000.00","5,000,000.00","2,500,000.00",33.30%
Connor McGovern,LG,Bills,"22,350,000.00","7,450,000.00","9,900,000.00","3,300,000.00",44.30%
Devin White,LB,Buccaneers,"29,315,814.00","7,328,954.00","29,315,814.00","7,328,954.00",100.00%
Chidobe Awuzie,CB,Bengals,"21,750,000.00","7,250,000.00","7,500,000.00","2,500,000.00",34.50%
Trey Pipkins,RT,Chargers,"21,750,000.00","7,250,000.00","13,250,000.00","4,416,667.00",60.90%
Hayden Hurst,TE,Panthers,"21,750,000.00","7,250,000.00","13,000,000.00","4,333,333.00",59.80%
Roy Robertson-Harris,IDL,Jaguars,"21,600,000.00","7,200,000.00","14,400,000.00","4,800,000.00",66.70%
Kaden Elliss,LB,Falcons,"21,500,000.00","7,166,667.00","10,160,000.00","10,160,000.00",47.30%
Connor Williams,C,Dolphins,"14,035,000.00","7,017,500.00","8,535,000.00","4,267,500.00",60.80%
Paris Johnson Jr.,RT,Cardinals,"28,052,460.00","7,013,115.00","28,052,460.00","7,013,115.00",100.00%
DaQuan Jones,IDL,Bills,"14,000,000.00","7,000,000.00","10,625,000.00","5,312,500.00",75.90%
Arden Key,EDGE,Titans,"21,000,000.00","7,000,000.00","13,000,000.00","4,333,333.00",61.90%
Donovan Wilson,S,Cowboys,"21,000,000.00","7,000,000.00","13,500,000.00","4,500,000.00",64.30%
DeMarcus Walker,IDL,Bears,"21,000,000.00","7,000,000.00","10,500,000.00","3,500,000.00",50.00%
Calais Campbell,IDL,Falcons,"7,000,000.00","7,000,000.00","7,000,000.00","7,000,000.00",100.00%
Taylor Heinicke,QB,Falcons,"14,000,000.00","7,000,000.00","6,320,000.00","3,160,000.00",45.10%
Josh Oliver,TE,Vikings,"21,000,000.00","7,000,000.00","8,200,000.00","2,733,333.00",39.00%
Patrick Peterson,CB,Steelers,"14,000,000.00","7,000,000.00","5,850,000.00","2,925,000.00",41.80%
James Conner,RB,Cardinals,"21,000,000.00","7,000,000.00","13,500,000.00","4,500,000.00",64.30%
Malik Hooker,S,Cowboys,"21,000,000.00","7,000,000.00","11,000,000.00","3,666,667.00",52.40%
Austin Johnson,IDL,Chargers,"14,000,000.00","7,000,000.00","10,625,000.00","5,312,500.00",75.90%
Rasul Douglas,CB,Bills,"21,000,000.00","7,000,000.00","5,300,000.00","1,766,667.00",25.20%
Juan Thornhill,S,Browns,"21,000,000.00","7,000,000.00","14,000,000.00","4,666,667.00",66.70%
Leonard Floyd,EDGE,Bills,"7,000,000.00","7,000,000.00","7,000,000.00","7,000,000.00",100.00%
Ikem Ekwonu,LT,Panthers,"27,568,050.00","6,892,013.00","27,568,050.00","6,892,013.00",100.00%
Jaylen Waddle,WR,Dolphins,"27,085,996.00","6,771,499.00","27,085,996.00","6,771,499.00",100.00%
Ja'Whaun Bentley,LB,Patriots,"13,500,000.00","6,750,000.00","9,000,000.00","4,500,000.00",66.70%
Tyler Conklin,TE,Jets,"20,250,000.00","6,750,000.00","10,000,000.00","3,333,333.00",49.40%
Germaine Pratt,LB,Bengals,"20,250,000.00","6,750,000.00","7,000,000.00","2,333,333.00",34.60%
Eric Kendricks,LB,Chargers,"13,250,000.00","6,625,000.00","6,750,000.00","3,375,000.00",50.90%
Jimmie Ward,S,Texans,"13,000,000.00","6,500,000.00","8,500,000.00","4,250,000.00",65.40%
"Chauncey Gardner-Johnson, Jr.",S,Lions,"6,500,000.00","6,500,000.00","6,500,000.00","6,500,000.00",100.00%
Harrison Phillips,IDL,Vikings,"19,500,000.00","6,500,000.00","8,450,000.00","2,816,667.00",43.30%
Trent Brown,LT,Patriots,"6,500,000.00","6,500,000.00","4,000,000.00","4,000,000.00",61.50%
Shy Tuttle,IDL,Panthers,"19,500,000.00","6,500,000.00","13,000,000.00","4,333,333.00",66.70%
T.J. Edwards,LB,Bears,"19,500,000.00","6,500,000.00","7,900,000.00","2,633,333.00",40.50%
Miles Sanders,RB,Panthers,"25,400,000.00","6,350,000.00","13,000,000.00","3,250,000.00",51.20%
Ogbonnia Okoronkwo,EDGE,Browns,"19,000,000.00","6,333,333.00","10,830,000.00","3,610,000.00",57.00%
Shaq Thompson,LB,Panthers,"12,600,000.00","6,300,000.00","8,500,000.00","4,250,000.00",67.50%
Tyree Wilson,EDGE,Raiders,"25,005,500.00","6,251,375.00","25,005,500.00","6,251,375.00",100.00%
Alex Anzalone,LB,Lions,"18,750,000.00","6,250,000.00","9,000,000.00","3,000,000.00",48.00%
Dalton Schultz,TE,Texans,"6,250,000.00","6,250,000.00","6,000,000.00","6,000,000.00",96.00%
Jordan Poyer,S,Bills,"12,500,000.00","6,250,000.00","6,240,000.00","3,120,000.00",49.90%
Evan Neal,RT,Giants,"24,551,256.00","6,137,814.00","24,551,256.00","6,137,814.00",100.00%
Austin Ekeler,RB,Chargers,"24,500,000.00","6,125,000.00","13,750,000.00","3,437,500.00",56.10%
Mark Glowinski,RG,Giants,"18,300,000.00","6,100,000.00","11,400,000.00","3,800,000.00",62.30%
Penei Sewell,RT,Lions,"24,099,068.00","6,024,767.00","24,099,068.00","6,024,767.00",100.00%
Juwan Johnson,TE,Saints,"12,010,000.00","6,005,000.00","8,510,000.00","4,255,000.00",70.90%
Bradley Bozeman,C,Panthers,"18,000,000.00","6,000,000.00","10,000,000.00","3,333,333.00",55.60%
Quincy Williams,LB,Jets,"18,000,000.00","6,000,000.00","9,000,000.00","3,000,000.00",50.00%
Julian Love,S,Seahawks,"12,000,000.00","6,000,000.00","5,980,000.00","2,990,000.00",49.80%
Ted Karras,C,Bengals,"18,000,000.00","6,000,000.00","5,000,000.00","1,666,667.00",27.80%
David Montgomery,RB,Lions,"18,000,000.00","6,000,000.00","8,750,000.00","2,916,667.00",48.60%
Gerald Everett,TE,Chargers,"12,000,000.00","6,000,000.00","8,000,000.00","4,000,000.00",66.70%
Cole Holcomb,LB,Steelers,"18,000,000.00","6,000,000.00","4,920,000.00","1,640,000.00",27.30%
Justin Jones,IDL,Bears,"12,000,000.00","6,000,000.00","7,050,000.00","3,525,000.00",58.80%
Marcus Epps,S,Raiders,"12,000,000.00","6,000,000.00","7,755,000.00","3,877,500.00",64.60%
Tyron Smith,LT,Cowboys,"6,000,000.00","6,000,000.00","6,000,000.00","6,000,000.00",100.00%
Emmanuel Moseley,CB,Lions,"6,000,000.00","6,000,000.00","2,000,000.00","2,000,000.00",33.30%
Ethan Pocic,C,Browns,"18,000,000.00","6,000,000.00","10,000,000.00","3,333,333.00",55.60%
Darius Slayton,WR,Giants,"12,000,000.00","6,000,000.00","4,900,000.00","2,450,000.00",40.80%
Alex Singleton,LB,Broncos,"18,000,000.00","6,000,000.00","9,000,000.00","3,000,000.00",50.00%
Dorance Armstrong Jr.,EDGE,Cowboys,"12,000,000.00","6,000,000.00","6,000,000.00","3,000,000.00",50.00%
Mike Hilton,CB,Bengals,"24,000,000.00","6,000,000.00","6,000,000.00","1,500,000.00",25.00%
Justin Tucker,K,Ravens,"24,000,000.00","6,000,000.00","14,000,000.00","3,500,000.00",58.30%
Derrick Brown,IDL,Panthers,"23,621,404.00","5,905,351.00","23,621,404.00","5,905,351.00",100.00%
Mo Alie-Cox,TE,Colts,"17,550,000.00","5,850,000.00","8,200,000.00","2,733,333.00",46.70%
Joe Mixon,RB,Bengals,"11,500,000.00","5,750,000.00","4,128,000.00","2,064,000.00",35.90%
Josh Allen,EDGE,Jaguars,"22,742,636.00","5,685,659.00","22,742,636.00","5,685,659.00",100.00%
Matt Gay,K,Colts,"22,500,000.00","5,625,000.00","10,060,000.00","2,515,000.00",44.70%
Mitchell Trubisky,QB,Steelers,"11,250,000.00","5,625,000.00","6,920,000.00","3,460,000.00",61.50%
Bryan Mone,IDL,Seahawks,"11,035,000.00","5,517,500.00","1,500,000.00","750,000.00",13.60%
Graham Gano,K,Giants,"16,500,000.00","5,500,000.00","11,335,000.00","3,778,333.00",68.70%
Steven Nelson,CB,Texans,"5,500,000.00","5,500,000.00","2,000,000.00","2,000,000.00",36.40%
Nick Gates,C,Commanders,"16,500,000.00","5,500,000.00","8,000,000.00","2,666,667.00",48.50%
Bilal Nichols,IDL,Raiders,"11,000,000.00","5,500,000.00","7,125,000.00","3,562,500.00",64.80%
Tyrod Taylor,QB,Giants,"11,000,000.00","5,500,000.00","8,200,000.00","4,100,000.00",74.50%
Josey Jewell,LB,Broncos,"11,000,000.00","5,500,000.00","6,000,000.00","3,000,000.00",54.50%
Andrus Peat,LT,Saints,"5,500,000.00","5,500,000.00","5,500,000.00","5,500,000.00",100.00%
Deatrich Wise,EDGE,Patriots,"22,000,000.00","5,500,000.00","10,000,000.00","2,500,000.00",45.50%
Bobby Wagner,LB,Seahawks,"5,500,000.00","5,500,000.00","4,480,000.00","4,480,000.00",81.50%
Tyus Bowser,EDGE,Ravens,"22,000,000.00","5,500,000.00","12,000,000.00","3,000,000.00",54.50%
Bijan Robinson,RB,Falcons,"21,958,544.00","5,489,636.00","21,958,544.00","5,489,636.00",100.00%
Jalen Carter,IDL,Eagles,"21,806,184.00","5,451,546.00","21,806,184.00","5,451,546.00",100.00%
DeVante Parker,WR,Patriots,"10,800,000.00","5,400,000.00","9,100,000.00","4,550,000.00",84.30%
Kyle Juszczyk,FB,49ers,"27,000,000.00","5,400,000.00","9,600,000.00","1,920,000.00",35.60%
Drake London,WR,Falcons,"21,534,472.00","5,383,618.00","21,534,472.00","5,383,618.00",100.00%
Charles Cross,LT,Seahawks,"21,383,626.00","5,345,907.00","21,383,626.00","5,345,907.00",100.00%
Jaycee Horn,CB,Panthers,"21,112,146.00","5,278,037.00","21,112,146.00","5,278,037.00",100.00%
Jason Myers,K,Seahawks,"21,100,000.00","5,275,000.00","8,665,000.00","2,166,250.00",41.10%
Jordan Whitehead,S,Jets,"5,250,000.00","5,250,000.00","5,250,000.00","5,250,000.00",100.00%
Garrett Bradbury,C,Vikings,"15,750,000.00","5,250,000.00","5,150,000.00","1,716,667.00",32.70%
Mason Cole,C,Steelers,"15,750,000.00","5,250,000.00","4,565,000.00","1,521,667.00",29.00%
Kalif Raymond,WR,Lions,"10,500,000.00","5,250,000.00","8,150,000.00","4,075,000.00",77.60%
Cordarrelle Patterson,RB,Falcons,"10,500,000.00","5,250,000.00","5,000,000.00","2,500,000.00",47.60%
Broderick Washington,IDL,Ravens,"15,750,000.00","5,250,000.00","10,000,000.00","3,333,333.00",63.50%
Darnell Wright,RT,Bears,"20,968,270.00","5,242,068.00","20,968,270.00","5,242,068.00",100.00%
Patrick Surtain II,CB,Broncos,"20,962,802.00","5,240,701.00","20,962,802.00","5,240,701.00",100.00%
Jeff Okudah,CB,Falcons,"5,182,072.00","5,182,072.00","5,182,072.00","5,182,072.00",100.00%
Isaiah Simmons,LB,Giants,"20,664,054.00","5,166,014.00","20,664,054.00","5,166,014.00",100.00%
Patrick Mekari,LT,Ravens,"15,450,000.00","5,150,000.00","7,100,000.00","2,366,667.00",46.00%
Garrett Wilson,WR,Jets,"20,554,006.00","5,138,502.00","20,554,006.00","5,138,502.00",100.00%
C.J. Henderson,CB,Panthers,"20,516,188.00","5,129,047.00","20,516,188.00","5,129,047.00",100.00%
Chuck Clark,S,Jets,"15,300,000.00","5,100,000.00","10,000,000.00","3,333,333.00",65.40%
Tyler Bass,K,Bills,"20,400,000.00","5,100,000.00","9,410,000.00","2,352,500.00",46.10%
DeVonta Smith,WR,Eagles,"20,141,392.00","5,035,348.00","20,141,392.00","5,035,348.00",100.00%
D.J. Chark,WR,Panthers,"5,000,000.00","5,000,000.00","5,000,000.00","5,000,000.00",100.00%
Riley Reiff,RT,Patriots,"5,000,000.00","5,000,000.00","4,150,000.00","4,150,000.00",83.00%
Brandon Graham,EDGE,Eagles,"5,000,000.00","5,000,000.00","5,000,000.00","5,000,000.00",100.00%
Kyzir White,LB,Cardinals,"10,000,000.00","5,000,000.00","6,000,000.00","3,000,000.00",60.00%
Xavier Woods,S,Panthers,"15,000,000.00","5,000,000.00","6,035,000.00","2,011,667.00",40.20%
Andy Dalton,QB,Panthers,"10,000,000.00","5,000,000.00","8,000,000.00","4,000,000.00",80.00%
Morgan Moses,RT,Ravens,"15,000,000.00","5,000,000.00","5,500,000.00","1,833,333.00",36.70%
Jayron Kearse,S,Cowboys,"10,000,000.00","5,000,000.00","5,000,000.00","2,500,000.00",50.00%
Nathan Shepherd,IDL,Saints,"15,000,000.00","5,000,000.00","10,180,000.00","3,393,333.00",67.90%
Brian Allen,C,Rams,"10,000,000.00","5,000,000.00","3,000,000.00","1,500,000.00",30.00%
Cedrick Wilson Jr.,WR,Dolphins,"5,000,000.00","5,000,000.00","5,000,000.00","5,000,000.00",100.00%
Azeez Al-Shaair,LB,Titans,"5,000,000.00","5,000,000.00","4,250,000.00","4,250,000.00",85.00%
Chris Boswell,K,Steelers,"20,000,000.00","5,000,000.00","9,760,000.00","2,440,000.00",48.80%
David Long Jr.,LB,Dolphins,"10,000,000.00","5,000,000.00","5,500,000.00","2,750,000.00",55.00%
Anthony Nelson,EDGE,Buccaneers,"10,000,000.00","5,000,000.00","5,500,000.00","2,750,000.00",55.00%
Kendrick Bourne,WR,Patriots,"15,000,000.00","5,000,000.00","5,250,000.00","1,750,000.00",35.00%
Jarrett Stidham,QB,Broncos,"10,000,000.00","5,000,000.00","5,000,000.00","2,500,000.00",50.00%
Jerry Hughes,EDGE,Texans,"10,000,000.00","5,000,000.00","5,500,000.00","2,750,000.00",55.00%
Marcus Mariota,QB,Eagles,"5,000,000.00","5,000,000.00","5,000,000.00","5,000,000.00",100.00%
A'Shawn Robinson,IDL,Giants,"5,000,000.00","5,000,000.00","4,000,000.00","4,000,000.00",80.00%
Jedrick Wills,LT,Browns,"19,702,914.00","4,925,729.00","19,702,914.00","4,925,729.00",100.00%
Peter Skoronski,LT,Titans,"19,673,320.00","4,918,330.00","19,673,320.00","4,918,330.00",100.00%
Younghoe Koo,K,Falcons,"24,250,000.00","4,850,000.00","8,000,000.00","1,600,000.00",33.00%
Chris Olave,WR,Saints,"19,271,872.00","4,817,968.00","19,271,872.00","4,817,968.00",100.00%
Deonte Harty,WR,Bills,"9,500,000.00","4,750,000.00","4,750,000.00","2,375,000.00",50.00%
David Andrews,C,Patriots,"19,000,000.00","4,750,000.00","6,500,000.00","1,625,000.00",34.20%
Jamal Agnew,WR,Jaguars,"14,250,000.00","4,750,000.00","4,000,000.00","1,333,333.00",28.10%
Justin Fields,QB,Bears,"18,871,952.00","4,717,988.00","18,871,952.00","4,717,988.00",100.00%
Parris Campbell,WR,Giants,"4,700,000.00","4,700,000.00","2,900,000.00","2,900,000.00",61.70%
Mekhi Becton,RT,Jets,"18,446,046.00","4,611,512.00","18,446,046.00","4,611,512.00",100.00%
Daniel Carlson,K,Raiders,"18,400,000.00","4,600,000.00","4,255,556.00","1,063,889.00",23.10%
Jarran Reed,IDL,Seahawks,"9,000,000.00","4,500,000.00","4,190,000.00","2,095,000.00",46.60%
Nyheim Hines,RB,Bills,"9,000,000.00","4,500,000.00","2,000,000.00","1,000,000.00",22.20%
Sam Darnold,QB,49ers,"4,500,000.00","4,500,000.00","3,500,000.00","3,500,000.00",77.80%
Mike Gesicki,TE,Patriots,"4,500,000.00","4,500,000.00","3,550,000.00","3,550,000.00",78.90%
Lavonte David,LB,Buccaneers,"4,500,000.00","4,500,000.00","4,500,000.00","4,500,000.00",100.00%
Lorenzo Carter,EDGE,Falcons,"9,000,000.00","4,500,000.00","5,250,000.00","2,625,000.00",58.30%
Jabrill Peppers,S,Patriots,"9,000,000.00","4,500,000.00","6,000,000.00","3,000,000.00",66.70%
Frankie Luvu,LB,Panthers,"9,000,000.00","4,500,000.00","4,500,000.00","2,250,000.00",50.00%
Jourdan Lewis,CB,Cowboys,"13,500,000.00","4,500,000.00","4,750,000.00","1,583,333.00",35.20%
Will Hernandez,RG,Cardinals,"9,000,000.00","4,500,000.00","4,500,000.00","2,250,000.00",50.00%
Jahmyr Gibbs,RB,Lions,"17,845,138.00","4,461,285.00","17,845,138.00","4,461,285.00",100.00%
Ka'imi Fairbairn,K,Texans,"17,650,000.00","4,412,500.00","9,000,000.00","2,250,000.00",51.00%
Jonah Williams,RT,Bengals,"17,630,166.00","4,407,542.00","17,630,166.00","4,407,542.00",100.00%
Jason Sanders,K,Dolphins,"22,000,000.00","4,400,000.00","7,520,000.00","1,504,000.00",34.20%
Jameson Williams,WR,Lions,"17,461,792.00","4,365,448.00","17,461,792.00","4,365,448.00",100.00%
Lukas Van Ness,EDGE,Packers,"17,388,096.00","4,347,024.00","17,388,096.00","4,347,024.00",100.00%
Andre James,C,Raiders,"8,650,000.00","4,325,000.00","4,000,000.00","2,000,000.00",46.20%
Yosuah Nijman,LT,Packers,"4,304,000.00","4,304,000.00",0,0,0.00%
Teair Tart,IDL,Texans,"4,304,000.00","4,304,000.00",0,0,0.00%
Aaron Brewer,LG,Titans,"4,304,000.00","4,304,000.00",0,0,0.00%
Bryce Huff,EDGE,Jets,"4,304,000.00","4,304,000.00",0,0,0.00%
Micah Parsons,EDGE,Cowboys,"17,079,792.00","4,269,948.00","17,079,792.00","4,269,948.00",100.00%
Jordan Davis,IDL,Eagles,"17,009,278.00","4,252,320.00","17,009,278.00","4,252,320.00",100.00%
John Cominsky,IDL,Lions,"8,500,000.00","4,250,000.00","4,000,000.00","2,000,000.00",47.10%
Dean Lowry,IDL,Vikings,"8,500,000.00","4,250,000.00","4,200,000.00","2,100,000.00",49.40%
Ryan Bates,C,Bills,"17,000,000.00","4,250,000.00","8,850,000.00","2,212,500.00",52.10%
Adrian Phillips,S,Patriots,"12,750,000.00","4,250,000.00","5,870,000.00","1,956,667.00",46.00%
Rashawn Slater,LT,Chargers,"16,631,758.00","4,157,940.00","16,631,758.00","4,157,940.00",100.00%
Broderick Jones,LT,Steelers,"16,626,364.00","4,156,591.00","16,626,364.00","4,156,591.00",100.00%
Jake Brendel,C,49ers,"16,500,000.00","4,125,000.00","5,000,000.00","1,250,000.00",30.30%
Khalen Saunders,IDL,Saints,"12,300,000.00","4,100,000.00","4,600,000.00","1,533,333.00",37.40%
Will McDonald IV,EDGE,Jets,"16,321,664.00","4,080,416.00","16,321,664.00","4,080,416.00",100.00%
Foster Moreau,TE,Saints,"12,234,000.00","4,078,000.00","8,020,000.00","2,673,333.00",65.60%
Alec Ingold,FB,Dolphins,"12,200,000.00","4,066,667.00","6,080,000.00","2,026,667.00",49.80%
Kyle Hamilton,S,Ravens,"16,255,088.00","4,063,772.00","16,255,088.00","4,063,772.00",100.00%
Tristan Wirfs,RT,Buccaneers,"16,228,028.00","4,057,007.00","16,228,028.00","4,057,007.00",100.00%
Harrison Butker,K,Chiefs,"20,275,000.00","4,055,000.00","6,490,000.00","1,298,000.00",32.00%
Jake Elliott,K,Eagles,"20,150,000.00","4,030,000.00","5,655,000.00","1,131,000.00",28.10%
Jamaal Williams,RB,Saints,"12,000,000.00","4,000,000.00","8,150,000.00","2,716,667.00",67.90%
Baker Mayfield,QB,Buccaneers,"4,000,000.00","4,000,000.00","4,000,000.00","4,000,000.00",100.00%
Rock Ya-Sin,CB,Ravens,"4,000,000.00","4,000,000.00","4,000,000.00","4,000,000.00",100.00%
Mike White,QB,Dolphins,"8,000,000.00","4,000,000.00","4,500,000.00","2,250,000.00",56.30%
E.J. Speed,LB,Colts,"8,000,000.00","4,000,000.00","3,920,000.00","1,960,000.00",49.00%
Andrew Billings,IDL,Bears,"8,000,000.00","4,000,000.00","5,060,000.00","2,530,000.00",63.30%
Rakeem Nunez-Roches,IDL,Giants,"12,000,000.00","4,000,000.00","5,465,000.00","1,821,667.00",45.50%
Josh Metellus,S,Vikings,"8,000,000.00","4,000,000.00","5,135,000.00","2,567,500.00",64.20%
Levi Wallace,CB,Steelers,"8,000,000.00","4,000,000.00","2,965,000.00","1,482,500.00",37.10%
Nick Scott,S,Bengals,"12,000,000.00","4,000,000.00","3,000,000.00","1,000,000.00",25.00%
Phil Haynes,LG,Seahawks,"4,000,000.00","4,000,000.00","3,490,000.00","3,490,000.00",87.30%
Keisean Nixon,CB,Packers,"4,000,000.00","4,000,000.00","1,850,000.00","1,850,000.00",46.30%
Nate Herbig,RG,Steelers,"8,000,000.00","4,000,000.00","2,920,000.00","1,460,000.00",36.50%
Jameis Winston,QB,Saints,"4,000,000.00","4,000,000.00","4,000,000.00","4,000,000.00",100.00%
Lucas Patrick,C,Bears,"8,000,000.00","4,000,000.00","4,000,000.00","2,000,000.00",50.00%
Leighton Vander Esch,LB,Cowboys,"8,000,000.00","4,000,000.00","5,000,000.00","2,500,000.00",62.50%
Drew Lock,QB,Seahawks,"4,000,000.00","4,000,000.00","1,750,000.00","1,750,000.00",43.80%
Mecole Hardman,WR,Chiefs,"4,000,000.00","4,000,000.00","3,580,000.00","3,580,000.00",89.50%
Kenyon Green,LG,Texans,"15,953,406.00","3,988,352.00","15,953,406.00","3,988,352.00",100.00%
Alijah Vera-Tucker,RT,Jets,"15,885,034.00","3,971,259.00","15,885,034.00","3,971,259.00",100.00%
Cairo Santos,K,Bears,"15,600,000.00","3,900,000.00","3,383,333.00","845,833.00",21.70%
Mac Jones,QB,Patriots,"15,586,340.00","3,896,585.00","15,586,340.00","3,896,585.00",100.00%
Durham Smythe,TE,Dolphins,"7,750,000.00","3,875,000.00","5,500,000.00","2,750,000.00",71.00%
Javon Kinlaw,IDL,49ers,"15,488,700.00","3,872,175.00","15,488,700.00","3,872,175.00",100.00%
Christian Wilkins,IDL,Dolphins,"15,439,098.00","3,859,774.00","15,439,098.00","3,859,775.00",100.00%
Emmanuel Forbes,CB,Commanders,"15,407,568.00","3,851,892.00","15,407,568.00","3,851,892.00",100.00%
Jerry Jeudy,WR,Broncos,"15,192,958.00","3,798,240.00","15,192,958.00","3,798,240.00",100.00%
Christian Gonzalez,CB,Patriots,"15,102,868.00","3,775,717.00","15,102,868.00","3,775,717.00",100.00%
Jahan Dotson,WR,Commanders,"15,048,356.00","3,762,089.00","15,048,356.00","3,762,089.00",100.00%
Matt Prater,K,Cardinals,"7,500,000.00","3,750,000.00","4,000,000.00","2,000,000.00",53.30%
Patrick Ricard,FB,Ravens,"11,250,000.00","3,750,000.00","4,500,000.00","1,500,000.00",40.00%
Derek Barnett,EDGE,Texans,"3,750,000.00","3,750,000.00","3,500,000.00","3,500,000.00",93.30%
Samaje Perine,RB,Broncos,"7,500,000.00","3,750,000.00","3,000,000.00","1,500,000.00",40.00%
Zion Johnson,LG,Chargers,"14,746,680.00","3,686,670.00","14,746,680.00","3,686,670.00",100.00%
Jack Campbell,LB,Lions,"14,722,018.00","3,680,505.00","14,722,018.00","3,680,505.00",100.00%
Michael Dickson,P,Seahawks,"14,699,059.00","3,674,765.00","7,500,000.00","1,875,000.00",51.00%
Zaven Collins,EDGE,Cardinals,"14,690,254.00","3,672,564.00","14,690,254.00","3,672,564.00",100.00%
Morgan Fox,IDL,Chargers,"7,250,000.00","3,625,000.00","3,750,000.00","1,875,000.00",51.70%
Calijah Kancey,IDL,Buccaneers,"14,493,472.00","3,623,368.00","14,493,472.00","3,623,368.00",100.00%
Jaxon Smith-Njigba,WR,Seahawks,"14,417,308.00","3,604,327.00","14,417,308.00","3,604,327.00",100.00%
Ashton Dulin,WR,Colts,"7,200,000.00","3,600,000.00","3,500,000.00","1,750,000.00",48.60%
Quinton Jefferson,IDL,Jets,"3,600,000.00","3,600,000.00","2,750,000.00","2,750,000.00",76.40%
Treylon Burks,WR,Titans,"14,369,590.00","3,592,398.00","14,369,590.00","3,592,398.00",100.00%
A.J. Terrell,CB,Falcons,"14,305,746.00","3,576,437.00","14,305,746.00","3,576,437.00",100.00%
Quentin Johnston,WR,Chargers,"14,188,786.00","3,547,197.00","14,188,786.00","3,547,197.00",100.00%
Trevor Penning,LT,Saints,"14,143,316.00","3,535,829.00","14,143,316.00","3,535,829.00",100.00%
Kenny Pickett,QB,Steelers,"14,067,904.00","3,516,976.00","14,067,904.00","3,516,976.00",100.00%
Taven Bryan,IDL,Colts,"3,510,000.00","3,510,000.00","3,000,000.00","3,000,000.00",85.50%
Zay Flowers,WR,Ravens,"14,036,440.00","3,509,110.00","14,036,440.00","3,509,110.00",100.00%
Jaelan Phillips,EDGE,Dolphins,"14,018,206.00","3,504,552.00","14,018,206.00","3,504,552.00",100.00%
CeeDee Lamb,WR,Cowboys,"14,010,014.00","3,502,504.00","14,010,014.00","3,502,504.00",100.00%
Elandon Roberts,LB,Steelers,"7,000,000.00","3,500,000.00","2,335,000.00","1,167,500.00",33.40%
Robert Spillane,LB,Raiders,"7,000,000.00","3,500,000.00","3,045,000.00","1,522,500.00",43.50%
Halapoulivaati Vaitai,RG,Lions,"3,500,000.00","3,500,000.00","3,000,000.00","3,000,000.00",85.70%
Jordan Hicks,LB,Vikings,"3,500,000.00","3,500,000.00","3,250,000.00","3,250,000.00",92.90%
Calvin Anderson,RT,Patriots,"7,000,000.00","3,500,000.00","4,000,000.00","2,000,000.00",57.10%
Greg Gaines,IDL,Buccaneers,"3,500,000.00","3,500,000.00","3,500,000.00","3,500,000.00",100.00%
Gardner Minshew,QB,Colts,"3,500,000.00","3,500,000.00","3,500,000.00","3,500,000.00",100.00%
Charles Harris,EDGE,Lions,"3,500,000.00","3,500,000.00","3,000,000.00","3,000,000.00",85.70%
Alexander Mattison,RB,Vikings,"7,000,000.00","3,500,000.00","6,350,000.00","3,175,000.00",90.70%
Devin Bush,LB,Seahawks,"3,500,000.00","3,500,000.00","2,990,000.00","2,990,000.00",85.40%
Braxton Berrios,WR,Dolphins,"3,500,000.00","3,500,000.00","3,000,000.00","3,000,000.00",85.70%
Shelby Harris,IDL,Browns,"3,500,000.00","3,500,000.00","2,000,000.00","2,000,000.00",57.10%
Shaquill Griffin,CB,Panthers,"3,500,000.00","3,500,000.00","3,000,000.00","3,000,000.00",85.70%
Cody Barton,LB,Commanders,"3,500,000.00","3,500,000.00","3,500,000.00","3,500,000.00",100.00%
Dawuane Smoot,EDGE,Jaguars,"3,500,000.00","3,500,000.00","2,250,000.00","2,250,000.00",64.30%
Sean Murphy-Bunting,CB,Titans,"3,500,000.00","3,500,000.00","3,500,000.00","3,500,000.00",100.00%
Mike Hughes,CB,Falcons,"7,000,000.00","3,500,000.00","3,240,000.00","1,620,000.00",46.30%
Trent McDuffie,CB,Chiefs,"13,992,484.00","3,498,121.00","13,992,484.00","3,498,121.00",100.00%
Jack Fox,P,Lions,"13,965,000.00","3,491,250.00","5,895,000.00","1,473,750.00",42.20%
Quay Walker,LB,Packers,"13,841,644.00","3,460,411.00","13,841,644.00","3,460,411.00",100.00%
Jamin Davis,LB,Commanders,"13,794,176.00","3,448,544.00","13,794,176.00","3,448,544.00",100.00%
Jordan Addison,WR,Vikings,"13,731,736.00","3,432,934.00","13,731,736.00","3,432,934.00",100.00%
Kadarius Toney,WR,Chiefs,"13,719,508.00","3,429,877.00","13,719,508.00","3,429,877.00",100.00%
Kaiir Elam,CB,Bills,"13,690,812.00","3,422,703.00","13,690,812.00","3,422,703.00",100.00%
Kwity Paye,EDGE,Colts,"13,644,836.00","3,411,209.00","13,644,836.00","3,411,209.00",100.00%
Jerry Tillery,IDL,Raiders,"6,800,000.00","3,400,000.00","3,850,000.00","1,925,000.00",56.60%
Deonte Banks,CB,Giants,"13,579,404.00","3,394,851.00","13,579,404.00","3,394,851.00",100.00%
Brian Burns,EDGE,Panthers,"13,540,182.00","3,385,046.00","13,540,182.00","3,385,046.00",100.00%
Gus Edwards,RB,Ravens,"3,384,000.00","3,384,000.00","2,300,000.00","2,300,000.00",68.00%
Isaiah Oliver,CB,49ers,"6,750,000.00","3,375,000.00","2,910,000.00","1,455,000.00",43.10%
Caleb Farley,CB,Titans,"13,495,586.00","3,373,897.00","13,495,586.00","3,373,897.00",100.00%
Dalton Kincaid,TE,Bills,"13,427,040.00","3,356,760.00","13,427,040.00","3,356,760.00",100.00%
Tyler Smith,LG,Cowboys,"13,389,116.00","3,347,279.00","13,389,116.00","3,347,279.00",100.00%
Christian Darrisaw,LT,Vikings,"13,346,146.00","3,336,537.00","13,346,146.00","3,336,537.00",100.00%
K'Lavon Chaisson,EDGE,Jaguars,"13,344,610.00","3,336,153.00","13,344,610.00","3,336,153.00",100.00%
Zaire Franklin,LB,Colts,"10,000,000.00","3,333,333.00","4,000,000.00","1,333,333.00",40.00%
Dennis Gardeck,EDGE,Cardinals,"10,000,000.00","3,333,333.00","3,250,000.00","1,083,333.00",32.50%
Ian Thomas,TE,Panthers,"6,650,000.00","3,325,000.00","4,000,000.00","2,000,000.00",60.20%
Mazi Smith,IDL,Cowboys,"13,274,694.00","3,318,674.00","13,274,694.00","3,318,674.00",100.00%
Tress Way,P,Commanders,"13,250,000.00","3,312,500.00","6,415,000.00","1,603,750.00",48.40%
Tyler Linderbaum,C,Ravens,"13,238,294.00","3,309,574.00","13,238,294.00","3,309,574.00",100.00%
Nick Bellore,LB,Seahawks,"6,600,000.00","3,300,000.00","2,300,000.00","1,150,000.00",34.80%
Anton Harrison,RT,Jaguars,"13,198,522.00","3,299,631.00","13,198,522.00","3,299,631.00",100.00%
Justin Jefferson,WR,Vikings,"13,122,806.00","3,280,702.00","13,122,806.00","3,280,702.00",100.00%
Jermaine Johnson II,EDGE,Jets,"13,087,444.00","3,271,861.00","13,087,444.00","3,271,861.00",100.00%
Najee Harris,RB,Steelers,"13,047,444.00","3,261,861.00","13,047,444.00","3,261,861.00",100.00%
Dan Feeney,LG,Bears,"3,250,000.00","3,250,000.00","3,125,000.00","3,125,000.00",96.20%
Nelson Agholor,WR,Ravens,"3,250,000.00","3,250,000.00","3,250,000.00","3,250,000.00",100.00%
Cornelius Lucas,LT,Commanders,"6,500,000.00","3,250,000.00","2,920,000.00","1,460,000.00",44.90%
Brandon Facyson,CB,Raiders,"6,500,000.00","3,250,000.00","2,268,000.00","1,134,000.00",34.90%
Hassan Ridgeway,IDL,Texans,"3,250,000.00","3,250,000.00","3,000,000.00","3,000,000.00",92.30%
James Hurst,LG,Saints,"3,250,000.00","3,250,000.00","1,305,000.00","1,305,000.00",40.20%
Kenneth Murray,LB,Chargers,"12,974,944.00","3,243,736.00","12,974,944.00","3,243,736.00",100.00%
Devin Lloyd,LB,Jaguars,"12,936,608.00","3,234,152.00","12,936,608.00","3,234,152.00",100.00%
Travis Etienne,RB,Jaguars,"12,898,112.00","3,224,528.00","12,898,112.00","3,224,528.00",100.00%
Devonte Wyatt,IDL,Packers,"12,861,182.00","3,215,296.00","12,861,182.00","3,215,296.00",100.00%
Andrew Wingard,S,Jaguars,"9,600,000.00","3,200,000.00","4,080,000.00","1,360,000.00",42.50%
J.T. Gray,S,Saints,"9,600,000.00","3,200,000.00","3,500,000.00","1,166,667.00",36.50%
Greg Newsome II,CB,Browns,"12,748,754.00","3,187,189.00","12,748,754.00","3,187,189.00",100.00%
Keion Crossen,CB,Dolphins,"9,450,000.00","3,150,000.00","3,035,000.00","1,011,667.00",32.10%
Rashod Bateman,WR,Ravens,"12,599,414.00","3,149,854.00","12,599,414.00","3,149,854.00",100.00%
Noah Fant,TE,Seahawks,"12,590,724.00","3,147,681.00","12,590,724.00","3,147,681.00",100.00%
Myles Murphy,EDGE,Bengals,"12,587,256.00","3,146,814.00","12,587,256.00","3,146,814.00",100.00%
Brandon Aiyuk,WR,49ers,"12,531,350.00","3,132,838.00","12,531,350.00","3,132,838.00",100.00%
Payton Turner,EDGE,Saints,"12,524,736.00","3,131,184.00","12,524,736.00","3,131,184.00",100.00%
Darnell Savage Jr.,S,Packers,"12,517,688.00","3,129,422.00","12,517,688.00","3,129,422.00",100.00%
Case Keenum,QB,Texans,"6,250,000.00","3,125,000.00","4,000,000.00","2,000,000.00",64.00%
Andrew Beck,TE,Texans,"6,250,000.00","3,125,000.00","4,000,000.00","2,000,000.00",64.00%
Bryan Bresee,IDL,Saints,"12,263,552.00","3,065,888.00","12,263,552.00","3,065,888.00",100.00%
Cole Strange,LG,Patriots,"12,255,972.00","3,063,993.00","12,255,972.00","3,063,993.00",100.00%
Jordyn Brooks,LB,Seahawks,"12,235,604.00","3,058,901.00","12,121,679.00","3,030,420.00",99.10%
Patrick Queen,LB,Ravens,"12,161,670.00","3,040,418.00","11,843,261.00","2,960,815.00",97.40%
Bryan Anger,P,Cowboys,"9,000,000.00","3,000,000.00","3,800,000.00","1,266,667.00",42.20%
Mike Edwards,S,Chiefs,"3,000,000.00","3,000,000.00","2,480,000.00","2,480,000.00",82.70%
Chris Manhertz,TE,Broncos,"6,000,000.00","3,000,000.00","3,340,000.00","1,670,000.00",55.70%
Jermaine Eluemunor,RT,Raiders,"3,000,000.00","3,000,000.00","2,438,000.00","2,438,000.00",81.30%
Bud Dupree,EDGE,Falcons,"3,000,000.00","3,000,000.00","2,490,000.00","2,490,000.00",83.00%
M.J. Stewart,S,Texans,"6,000,000.00","3,000,000.00","3,000,000.00","1,500,000.00",50.00%
Drue Tranquill,LB,Chiefs,"3,000,000.00","3,000,000.00","2,450,000.00","2,450,000.00",81.70%
Jeff Wilson,RB,Dolphins,"6,000,000.00","3,000,000.00","2,645,000.00","1,322,500.00",44.10%
Dustin Hopkins,K,Browns,"9,000,000.00","3,000,000.00","3,520,000.00","1,173,333.00",39.10%
Tim Settle,IDL,Bills,"3,000,000.00","3,000,000.00","2,458,000.00","2,458,000.00",81.90%
Ezekiel Elliott,RB,Patriots,"3,000,000.00","3,000,000.00","1,100,000.00","1,100,000.00",36.70%
Logan Cooke,P,Jaguars,"12,000,000.00","3,000,000.00","6,000,000.00","1,500,000.00",50.00%
Siran Neal,CB,Bills,"9,000,000.00","3,000,000.00","2,900,000.00","966,667.00",32.20%
Teddy Bridgewater,QB,Lions,"3,000,000.00","3,000,000.00","2,550,000.00","2,550,000.00",85.00%
Jordan Phillips,IDL,Bills,"3,000,000.00","3,000,000.00","1,220,000.00","1,220,000.00",40.70%
George Fant,LT,Texans,"3,000,000.00","3,000,000.00","800,000.00","800,000.00",26.70%
Donovan Smith,LT,Chiefs,"3,000,000.00","3,000,000.00","1,980,000.00","1,980,000.00",66.00%
Dante Fowler Jr.,EDGE,Cowboys,"3,000,000.00","3,000,000.00","1,000,000.00","1,000,000.00",33.30%
Damontae Kazee,S,Steelers,"6,000,000.00","3,000,000.00","1,750,000.00","875,000.00",29.20%
Josh Reynolds,WR,Lions,"6,000,000.00","3,000,000.00","2,700,000.00","1,350,000.00",45.00%
Randall Cobb,WR,Jets,"3,000,000.00","3,000,000.00","250,000.00","250,000.00",8.30%
A.J. Cole,P,Raiders,"12,000,000.00","3,000,000.00","3,500,000.00","875,000.00",29.20%
Nolan Smith,EDGE,Eagles,"11,992,416.00","2,998,104.00","11,992,416.00","2,998,104.00",100.00%
George Karlaftis,EDGE,Chiefs,"11,935,476.00","2,983,869.00","11,935,476.00","2,983,869.00",100.00%
Eric Stokes,CB,Packers,"11,925,514.00","2,981,379.00","11,834,066.00","2,958,517.00",99.20%
Felix Anudike-Uzomah,EDGE,Chiefs,"11,817,820.00","2,954,455.00","11,817,820.00","2,954,455.00",100.00%
Marquise Brown,WR,Cardinals,"11,787,340.00","2,946,835.00","11,589,976.00","2,897,494.00",98.30%
Daxton Hill,S,Bengals,"11,667,018.00","2,916,755.00","11,667,018.00","2,916,755.00",100.00%
Gregory Rousseau,EDGE,Bills,"11,608,190.00","2,902,048.00","11,367,075.00","2,841,769.00",97.90%
Tashaun Gipson,S,49ers,"2,900,000.00","2,900,000.00","2,170,000.00","2,170,000.00",74.80%
Rigoberto Sanchez,P,Colts,"11,600,000.00","2,900,000.00","5,000,000.00","1,250,000.00",43.10%
Bradley Pinion,P,Falcons,"8,650,000.00","2,883,333.00","4,325,000.00","1,441,667.00",50.00%
Lawrence Guy,IDL,Patriots,"11,500,000.00","2,875,000.00","2,075,000.00","518,750.00",18.00%
Lewis Cine,S,Vikings,"11,494,155.00","2,873,539.00","11,494,155.00","2,873,539.00",100.00%
Odafe Oweh,EDGE,Ravens,"11,342,390.00","2,835,597.00","10,985,701.00","2,746,425.00",96.90%
Noah Igbinoghene,CB,Cowboys,"11,254,202.00","2,813,551.00","10,718,036.00","2,679,509.00",95.20%
Raheem Mostert,RB,Dolphins,"5,600,000.00","2,800,000.00","2,200,000.00","1,100,000.00",39.30%
C.J. Ham,FB,Vikings,"5,600,000.00","2,800,000.00","3,300,000.00","1,650,000.00",58.90%
Mitch Wishnowsky,P,49ers,"11,200,000.00","2,800,000.00","3,661,389.00","915,347.00",32.70%
Joe Tryon-Shoyinka,EDGE,Buccaneers,"11,171,244.00","2,792,811.00","10,690,907.00","2,672,727.00",95.70%
Dalton Risner,LG,Vikings,"2,781,250.00","2,781,250.00","2,250,000.00","2,250,000.00",80.90%
Daniel Brunskill,RG,Titans,"5,500,000.00","2,750,000.00","1,500,000.00","750,000.00",27.30%
Austin Hooper,TE,Raiders,"2,750,000.00","2,750,000.00","2,165,000.00","2,165,000.00",78.70%
Marquis Haynes,EDGE,Panthers,"5,500,000.00","2,750,000.00","2,035,000.00","1,017,500.00",37.00%
Graham Glasgow,RG,Lions,"2,750,000.00","2,750,000.00","2,500,000.00","2,500,000.00",90.90%
Devin Singletary,RB,Texans,"2,750,000.00","2,750,000.00","2,500,000.00","2,500,000.00",90.90%
Calvin Ridley,WR,Jaguars,"10,900,732.00","2,725,183.00","9,907,077.00","2,476,769.00",90.90%
Clyde Edwards-Helaire,RB,Chiefs,"10,821,576.00","2,705,394.00","9,955,850.00","2,488,963.00",92.00%
Sebastian Joseph-Day,IDL,49ers,"2,700,000.00","2,700,000.00",0,0,0.00%
Matt Slater,WR,Patriots,"2,667,500.00","2,667,500.00","2,667,500.00","2,667,500.00",100.00%
Kareem Jackson,S,Texans,"2,667,500.00","2,667,500.00","152,500.00","152,500.00",5.70%
William Gholston,IDL,Buccaneers,"2,667,500.00","2,667,500.00","1,317,500.00","1,317,500.00",49.40%
Cameron Johnston,P,Texans,"8,000,000.00","2,666,667.00","3,000,000.00","1,000,000.00",37.50%
Robert Tonyan,TE,Bears,"2,650,000.00","2,650,000.00","1,250,000.00","1,250,000.00",47.20%
Andrew Van Ginkel,EDGE,Dolphins,"2,650,000.00","2,650,000.00","2,260,000.00","2,260,000.00",85.30%
Tommy Townsend,P,Chiefs,"2,627,000.00","2,627,000.00",0,0,0.00%
Tyler Huntley,QB,Ravens,"2,627,000.00","2,627,000.00",0,0,0.00%
Myles Bryant,CB,Patriots,"2,627,000.00","2,627,000.00",0,0,0.00%
Jeremy Reaves,S,Commanders,"2,627,000.00","2,627,000.00",0,0,0.00%
Denzel Perryman,LB,Texans,"2,600,000.00","2,600,000.00","500,000.00","500,000.00",19.20%
K'Waun Williams,CB,Broncos,"5,200,000.00","2,600,000.00","2,500,000.00","1,250,000.00",48.10%
Greg Zuerlein,K,Jets,"2,600,000.00","2,600,000.00","1,750,000.00","1,750,000.00",67.30%
Noah Brown,WR,Texans,"2,600,000.00","2,600,000.00","2,250,000.00","2,250,000.00",86.50%
Sione Takitaki,LB,Browns,"2,582,500.00","2,582,500.00","1,232,500.00","1,232,500.00",47.70%
Will Harris,S,Lions,"2,582,500.00","2,582,500.00","2,582,500.00","2,582,500.00",100.00%
Nick Allegretti,C,Chiefs,"2,582,500.00","2,582,500.00","2,582,500.00","2,582,500.00",100.00%
Olisaemeka Udoh,RT,Vikings,"2,582,500.00","2,582,500.00","2,582,500.00","2,582,500.00",100.00%
Tre Herndon,CB,Jaguars,"2,582,500.00","2,582,500.00","2,582,500.00","2,582,500.00",100.00%
Kelvin Beachum,RT,Cardinals,"5,150,000.00","2,575,000.00","3,260,000.00","1,630,000.00",63.30%
Johnny Hekker,P,Panthers,"7,620,000.00","2,540,000.00","4,870,000.00","1,623,333.00",63.90%
Sam Franklin,S,Panthers,"2,510,000.00","2,510,000.00","1,500,000.00","1,500,000.00",59.80%
Jadeveon Clowney,EDGE,Ravens,"2,505,000.00","2,505,000.00","2,165,000.00","2,165,000.00",86.40%
Brandon Bolden,RB,Raiders,"5,010,000.00","2,505,000.00","2,375,000.00","1,187,500.00",47.40%
Matt Feiler,LG,Buccaneers,"2,500,000.00","2,500,000.00","1,290,000.00","1,290,000.00",51.60%
Chris Board,LB,Patriots,"5,000,000.00","2,500,000.00","2,600,000.00","1,300,000.00",52.00%
Tyler Matakevich,LB,Bills,"2,500,000.00","2,500,000.00","2,500,000.00","2,500,000.00",100.00%
Wes Schweitzer,C,Jets,"5,000,000.00","2,500,000.00","3,165,000.00","1,582,500.00",63.30%
Clelin Ferrell,EDGE,49ers,"2,500,000.00","2,500,000.00","1,240,000.00","1,240,000.00",49.60%
Cooper Rush,QB,Cowboys,"5,000,000.00","2,500,000.00","2,750,000.00","1,375,000.00",55.00%
Montravius Adams,IDL,Steelers,"5,000,000.00","2,500,000.00","1,465,000.00","732,500.00",29.30%
Cameron Fleming,LT,Broncos,"2,500,000.00","2,500,000.00","850,000.00","850,000.00",34.00%
Romeo Okwara,EDGE,Lions,"2,500,000.00","2,500,000.00","2,000,000.00","2,000,000.00",80.00%
Duke Riley,LB,Dolphins,"5,000,000.00","2,500,000.00","2,250,000.00","1,125,000.00",45.00%
Mack Hollins,WR,Falcons,"2,500,000.00","2,500,000.00","910,000.00","910,000.00",36.40%
Jalen Mills,CB,Patriots,"2,500,000.00","2,500,000.00","1,000,000.00","1,000,000.00",40.00%
Oren Burks,LB,49ers,"5,000,000.00","2,500,000.00","1,365,000.00","682,500.00",27.30%
Tanoh Kpassagnon,EDGE,Saints,"5,000,000.00","2,500,000.00","2,500,000.00","1,250,000.00",50.00%
Rasheem Green,EDGE,Bears,"2,500,000.00","2,500,000.00","850,000.00","850,000.00",34.00%
Tremon Smith,CB,Broncos,"5,000,000.00","2,500,000.00","2,500,000.00","1,250,000.00",50.00%
Nick Folk,K,Titans,"5,000,000.00","2,500,000.00","2,190,000.00","1,095,000.00",43.80%
Eric Murray,S,Texans,"2,500,000.00","2,500,000.00","1,475,000.00","1,475,000.00",59.00%
Joey Porter Jr.,CB,Steelers,"9,618,348.00","2,404,587.00","8,999,870.00","2,249,968.00",93.60%
Tyler Shatley,C,Jaguars,"4,800,000.00","2,400,000.00","2,350,000.00","1,175,000.00",49.00%
Will Levis,QB,Titans,"9,542,162.00","2,385,541.00","8,730,957.00","2,182,739.00",91.50%
Coleman Shelton,C,Rams,"4,750,000.00","2,375,000.00","2,750,000.00","1,375,000.00",57.90%
Sam LaPorta,TE,Lions,"9,465,998.00","2,366,500.00","7,825,179.00","1,956,295.00",82.70%
Solomon Thomas,EDGE,Jets,"2,350,000.00","2,350,000.00","2,010,000.00","2,010,000.00",85.50%
Keith Smith,FB,Falcons,"2,350,000.00","2,350,000.00","625,000.00","625,000.00",26.60%
Logan Hall,IDL,Buccaneers,"9,316,454.00","2,329,114.00","7,566,029.00","1,891,507.00",81.20%
Michael Mayer,TE,Raiders,"9,313,638.00","2,328,410.00","7,596,697.00","1,899,174.00",81.60%
Steve Avila,LG,Rams,"9,252,708.00","2,313,177.00","7,442,147.00","1,860,537.00",80.40%
Christian Watson,WR,Packers,"9,241,026.00","2,310,257.00","7,425,885.00","1,856,471.00",80.40%
Hjalte Froholdt,C,Cardinals,"4,600,000.00","2,300,000.00","2,110,000.00","1,055,000.00",45.90%
Reggie Gilliam,FB,Bills,"4,600,000.00","2,300,000.00","1,895,000.00","947,500.00",41.20%
Isaiah Wynn,RT,Dolphins,"2,300,000.00","2,300,000.00","1,960,000.00","1,960,000.00",85.20%
Roger McCreary,CB,Titans,"9,165,614.00","2,291,404.00","7,245,757.00","1,811,439.00",79.10%
Linval Joseph,IDL,Bills,"2,282,500.00","2,282,500.00","1,250,000.00","1,250,000.00",54.80%
Colton McKivitz,LT,49ers,"4,560,000.00","2,280,000.00","1,870,000.00","935,000.00",41.00%
Derick Hall,EDGE,Seahawks,"9,115,604.00","2,278,901.00","7,222,566.00","1,805,642.00",79.20%
Justice Hill,RB,Ravens,"4,510,000.00","2,255,000.00","1,250,000.00","625,000.00",27.70%
Tyson Campbell,CB,Jaguars,"9,015,108.00","2,253,777.00","7,175,744.00","1,793,936.00",79.60%
Breece Hall,RB,Jets,"9,014,768.00","2,253,692.00","7,080,482.00","1,770,121.00",78.50%
Jon Feliciano,LG,49ers,"2,250,000.00","2,250,000.00","2,250,000.00","2,250,000.00",100.00%
C.J. Beathard,QB,Jaguars,"4,500,000.00","2,250,000.00","2,000,000.00","1,000,000.00",44.40%
Evan Brown,C,Seahawks,"2,250,000.00","2,250,000.00","1,000,000.00","1,000,000.00",44.40%
Tavierre Thomas,CB,Texans,"2,250,000.00","2,250,000.00","2,000,000.00","2,000,000.00",88.90%
Zach Pascal,WR,Cardinals,"4,500,000.00","2,250,000.00","1,500,000.00","750,000.00",33.30%
Poona Ford,IDL,Bills,"2,250,000.00","2,250,000.00","1,500,000.00","1,500,000.00",66.70%
Justin Hardee,CB,Jets,"6,750,000.00","2,250,000.00","1,000,000.00","333,333.00",14.80%
Al Woods,IDL,Jets,"2,250,000.00","2,250,000.00","1,000,000.00","1,000,000.00",44.40%
Kevin Dotson,RG,Rams,"2,250,000.00","2,250,000.00","2,250,000.00","2,250,000.00",100.00%
Brian Hoyer,QB,Raiders,"4,500,000.00","2,250,000.00","4,205,000.00","2,102,500.00",93.40%
Mike Purcell,IDL,Broncos,"2,250,000.00","2,250,000.00","45,000.00","45,000.00",2.00%
Matthew Bergeron,LG,Falcons,"8,978,482.00","2,244,621.00","7,014,143.00","1,753,536.00",78.10%
Jalen Pitre,S,Texans,"8,954,436.00","2,238,609.00","7,028,376.00","1,757,094.00",78.50%
Elijah Moore,WR,Browns,"8,940,422.00","2,235,106.00","7,061,273.00","1,765,318.00",79.00%
Javonte Williams,RB,Broncos,"8,865,754.00","2,216,439.00","6,718,251.00","1,679,563.00",75.80%
Jonathan Mingo,WR,Panthers,"8,856,606.00","2,214,152.00","6,898,887.00","1,724,722.00",77.90%
Arnold Ebiketie,EDGE,Falcons,"8,818,692.00","2,204,673.00","6,911,142.00","1,727,786.00",78.40%
Joe Flacco,QB,Browns,"2,200,000.00","2,200,000.00","400,000.00","400,000.00",18.20%
Cody Davis,S,Patriots,"2,200,000.00","2,200,000.00","500,000.00","500,000.00",22.70%
Jahlani Tavai,LB,Patriots,"4,400,000.00","2,200,000.00","2,000,000.00","1,000,000.00",45.50%
Wil Lutz,K,Broncos,"2,200,000.00","2,200,000.00","500,000.00","500,000.00",22.70%
Isaiah Foskey,EDGE,Saints,"8,734,722.00","2,183,681.00","6,731,557.00","1,682,889.00",77.10%
Jevon Holland,S,Dolphins,"8,716,404.00","2,179,101.00","6,257,796.00","1,564,449.00",71.80%
Tee Higgins,WR,Bengals,"8,686,788.00","2,171,697.00","6,752,255.00","1,688,064.00",77.70%
Kyler Gordon,CB,Bears,"8,682,930.00","2,170,733.00","6,495,022.00","1,623,756.00",74.80%
Landon Dickerson,LG,Eagles,"8,656,670.00","2,164,168.00","5,958,386.00","1,489,597.00",68.80%
"Michael Pittman, Jr.",WR,Colts,"8,612,842.00","2,153,211.00","6,625,377.00","1,656,344.00",76.90%
B.J. Ojulari,EDGE,Cardinals,"8,597,614.00","2,149,404.00","6,532,849.00","1,633,212.00",76.00%
Boye Mafe,EDGE,Seahawks,"8,562,260.00","2,140,565.00","6,319,290.00","1,579,823.00",73.80%
D'Andre Swift,RB,Eagles,"8,538,918.00","2,134,730.00","6,306,374.00","1,576,594.00",73.90%
Christian Barmore,IDL,Patriots,"8,522,268.00","2,130,567.00","5,552,388.00","1,388,097.00",65.20%
Keanu Neal,S,Steelers,"4,250,000.00","2,125,000.00","920,000.00","460,000.00",21.60%
Luke Musgrave,TE,Packers,"8,475,742.00","2,118,936.00","6,348,437.00","1,587,109.00",74.90%
Kenneth Walker III,RB,Seahawks,"8,441,580.00","2,110,395.00","6,144,040.00","1,536,010.00",72.80%
Joey Slye,K,Commanders,"4,200,000.00","2,100,000.00","2,000,000.00","1,000,000.00",47.60%
Tyquan Lewis,EDGE,Colts,"2,100,000.00","2,100,000.00","500,000.00","500,000.00",23.80%
Xavier McKinney,S,Giants,"8,391,046.00","2,097,762.00","5,789,507.00","1,447,377.00",69.00%
Teven Jenkins,RG,Bears,"8,387,848.00","2,096,962.00","5,261,518.00","1,315,380.00",62.70%
Joe Tippmann,C,Jets,"8,359,604.00","2,089,901.00","6,167,665.00","1,541,916.00",73.80%
Kyle Dugger,S,Patriots,"8,331,902.00","2,082,976.00","5,560,149.00","1,390,037.00",66.70%
Andrew Booth Jr.,CB,Vikings,"8,305,828.00","2,076,457.00","5,957,187.00","1,489,297.00",71.70%
Richie Grant,S,Falcons,"8,268,374.00","2,067,094.00","5,069,199.00","1,267,300.00",61.30%
Eddy Pineiro,K,Panthers,"4,100,000.00","2,050,000.00","2,250,000.00","1,125,000.00",54.90%
Yetur Gross-Matos,EDGE,Panthers,"8,198,828.00","2,049,707.00","5,215,458.00","1,303,865.00",63.60%
Julius Brents,CB,Colts,"8,196,936.00","2,049,234.00","5,975,996.00","1,493,999.00",72.90%
Wan'Dale Robinson,WR,Giants,"8,185,166.00","2,046,292.00","5,791,409.00","1,447,852.00",70.80%
Levi Onwuzurike,IDL,Lions,"8,148,892.00","2,037,223.00","4,976,872.00","1,244,218.00",61.10%
Tershawn Wharton,IDL,Chiefs,"2,025,000.00","2,025,000.00","850,000.00","850,000.00",42.00%
John Metchie III,WR,Texans,"8,070,176.00","2,017,544.00","5,626,046.00","1,406,512.00",69.70%
Robert Hunt,RG,Dolphins,"8,065,742.00","2,016,436.00","5,012,617.00","1,253,154.00",62.10%
Tyrel Dodson,LB,Bills,"2,010,000.00","2,010,000.00","2,010,000.00","2,010,000.00",100.00%
Dane Jackson,CB,Bills,"2,010,000.00","2,010,000.00","2,010,000.00","2,010,000.00",100.00%
Brian Branch,S,Lions,"8,021,742.00","2,005,436.00","5,623,617.00","1,405,904.00",70.10%
Liam Eichenberg,C,Dolphins,"8,014,482.00","2,003,621.00","4,873,007.00","1,218,252.00",60.80%
Kevin Givens,IDL,49ers,"2,000,000.00","2,000,000.00","2,000,000.00","2,000,000.00",100.00%
Ray-Ray McCloud,WR,49ers,"4,000,000.00","2,000,000.00","2,785,000.00","1,392,500.00",69.60%
Jamie Gillan,P,Giants,"4,000,000.00","2,000,000.00","1,000,000.00","500,000.00",25.00%
D'Onta Foreman,RB,Bears,"2,000,000.00","2,000,000.00","1,000,000.00","1,000,000.00",50.00%
Travis Homer,RB,Bears,"4,000,000.00","2,000,000.00","1,750,000.00","875,000.00",43.80%
Luke Gifford,LB,Titans,"4,000,000.00","2,000,000.00","1,000,000.00","500,000.00",25.00%
Marcedes Lewis,TE,Bears,"2,000,000.00","2,000,000.00","1,000,000.00","1,000,000.00",50.00%
Greg Joseph,K,Vikings,"2,000,000.00","2,000,000.00","1,700,000.00","1,700,000.00",85.00%
Joshua Dobbs,QB,Vikings,"2,000,000.00","2,000,000.00","2,000,000.00","2,000,000.00",100.00%
Efe Obada,EDGE,Commanders,"2,000,000.00","2,000,000.00","1,000,000.00","1,000,000.00",50.00%
Terrell Edmunds,S,Titans,"2,000,000.00","2,000,000.00","600,000.00","600,000.00",30.00%
Daniel Ekuale,IDL,Patriots,"4,000,000.00","2,000,000.00","1,000,000.00","500,000.00",25.00%
J.K. Scott,P,Chargers,"4,000,000.00","2,000,000.00","820,000.00","410,000.00",20.50%
Nick Mullens,QB,Vikings,"4,000,000.00","2,000,000.00","1,922,500.00","961,250.00",48.10%
Boston Scott,RB,Eagles,"2,000,000.00","2,000,000.00","1,080,000.00","1,080,000.00",54.00%
Brandon McManus,K,Jaguars,"2,000,000.00","2,000,000.00","1,250,000.00","1,250,000.00",62.50%
Zeke Turner,LB,Cardinals,"2,000,000.00","2,000,000.00","652,500.00","652,500.00",32.60%
Sam Martin,P,Bills,"6,000,000.00","2,000,000.00","2,365,000.00","788,333.00",39.40%
Michael Pierce,IDL,Ravens,"2,000,000.00","2,000,000.00","835,000.00","835,000.00",41.80%
Miles Killebrew,S,Steelers,"4,000,000.00","2,000,000.00","965,000.00","482,500.00",24.10%
David Ojabo,EDGE,Ravens,"7,909,124.00","1,977,281.00","5,401,594.00","1,350,399.00",68.30%
Trevon Moehrig,S,Raiders,"7,895,012.00","1,973,753.00","4,780,692.00","1,195,173.00",60.60%
Jordan Akins,TE,Browns,"3,900,000.00","1,950,000.00","1,730,000.00","865,000.00",44.40%
Keion White,EDGE,Patriots,"7,790,170.00","1,947,543.00","5,321,683.00","1,330,421.00",68.30%
Josh Paschal,EDGE,Lions,"7,735,658.00","1,933,915.00","4,842,553.00","1,210,638.00",62.60%
Laviska Shenault,WR,Panthers,"7,696,066.00","1,924,017.00","4,726,961.00","1,181,740.00",61.40%
Connor McGovern,C,Jets,"1,915,000.00","1,915,000.00","1,250,000.00","1,250,000.00",65.30%
Quan Martin,S,Commanders,"7,637,824.00","1,909,456.00","5,111,995.00","1,277,999.00",66.90%
Walker Little,LT,Jaguars,"7,621,702.00","1,905,426.00","4,569,497.00","1,142,374.00",60.00%
George Odum,S,49ers,"5,700,000.00","1,900,000.00","3,035,000.00","1,011,667.00",53.20%
Phidarian Mathis,IDL,Commanders,"7,506,378.00","1,876,595.00","4,501,374.00","1,125,344.00",60.00%
Cody Mauch,RT,Buccaneers,"7,485,470.00","1,871,368.00","4,613,240.00","1,153,310.00",61.60%
Prince Tega Wanogho,RT,Chiefs,"1,865,000.00","1,865,000.00","750,000.00","750,000.00",40.20%
Jackson Carman,LT,Bengals,"7,449,960.00","1,862,490.00","3,776,787.00","944,197.00",50.70%
Jaquan Brisker,S,Bears,"7,355,542.00","1,838,886.00","4,273,827.00","1,068,457.00",58.10%
Keeanu Benton,IDL,Steelers,"7,333,124.00","1,833,281.00","4,279,836.00","1,069,959.00",58.40%
"Antoine Winfield, Jr.",S,Buccaneers,"7,307,182.00","1,826,796.00","4,426,457.00","1,106,614.00",60.60%
Nik Needham,CB,Dolphins,"1,825,000.00","1,825,000.00","750,000.00","750,000.00",41.10%
Demetrius Flannigan-Fowles,LB,49ers,"1,825,000.00","1,825,000.00","1,250,000.00","1,250,000.00",68.50%
Asante Samuel Jr.,CB,Chargers,"7,222,948.00","1,805,737.00","4,261,368.00","1,065,342.00",59.00%
Alontae Taylor,CB,Saints,"7,204,696.00","1,801,174.00","4,157,266.00","1,039,317.00",57.70%
Khari Blasingame,FB,Bears,"3,600,000.00","1,800,000.00","1,950,000.00","975,000.00",54.20%
Blake Cashman,LB,Texans,"1,800,000.00","1,800,000.00","850,000.00","850,000.00",47.20%
Easton Stick,QB,Chargers,"1,800,000.00","1,800,000.00","1,152,500.00","1,152,500.00",64.00%
Jayden Reed,WR,Packers,"7,180,778.00","1,795,195.00","4,048,783.00","1,012,196.00",56.40%
Zach Cunningham,LB,Eagles,"1,775,000.00","1,775,000.00","14,000.00","14,000.00",0.80%
Scott Quessenberry,C,Texans,"1,775,000.00","1,775,000.00","1,425,000.00","1,425,000.00",80.30%
David Edwards,LG,Bills,"1,770,000.00","1,770,000.00","1,720,000.00","1,720,000.00",97.20%
Taylor Rapp,S,Bills,"1,770,000.00","1,770,000.00","1,650,000.00","1,650,000.00",93.20%
DeShon Elliott,S,Dolphins,"1,770,000.00","1,770,000.00","1,770,000.00","1,770,000.00",100.00%
Trent Sherfield,WR,Bills,"1,770,000.00","1,770,000.00","750,000.00","750,000.00",42.40%
Damien Harris,RB,Bills,"1,770,000.00","1,770,000.00","1,000,000.00","1,000,000.00",56.50%
Aaron Banks,LG,49ers,"7,073,608.00","1,768,402.00","4,145,968.00","1,036,492.00",58.60%
Tyquan Thornton,WR,Patriots,"7,053,860.00","1,763,465.00","4,040,710.00","1,010,178.00",57.30%
Geno Stone,S,Ravens,"1,760,000.00","1,760,000.00","750,000.00","750,000.00",42.60%
Cam Smith,CB,Dolphins,"7,028,432.00","1,757,108.00","3,931,062.00","982,766.00",55.90%
Jalen Reeves-Maybin,LB,Lions,"1,750,000.00","1,750,000.00","500,000.00","500,000.00",28.60%
Harrison Bryant,TE,Browns,"1,750,000.00","1,750,000.00","1,750,000.00","1,750,000.00",100.00%
Ameer Abdullah,RB,Raiders,"1,750,000.00","1,750,000.00","500,000.00","500,000.00",28.60%
DeShawn Williams,IDL,Panthers,"1,750,000.00","1,750,000.00","1,750,000.00","1,750,000.00",100.00%
Riley Dixon,P,Broncos,"3,500,000.00","1,750,000.00","1,000,000.00","500,000.00",28.60%
Irv Smith Jr.,TE,Bengals,"1,750,000.00","1,750,000.00","400,000.00","400,000.00",22.90%
Rondale Moore,WR,Cardinals,"6,924,254.00","1,731,064.00","4,030,559.00","1,007,640.00",58.20%
Cameron Jurgens,C,Eagles,"6,903,024.00","1,725,756.00","3,924,154.00","981,039.00",56.80%
Zach Charbonnet,RB,Seahawks,"6,876,078.00","1,719,020.00","3,813,333.00","953,333.00",55.50%
Neville Hewitt,LB,Texans,"1,700,000.00","1,700,000.00","300,000.00","300,000.00",17.60%
Ronald Darby,CB,Ravens,"1,700,000.00","1,700,000.00","500,000.00","500,000.00",29.40%
Geoff Swaim,TE,Cardinals,"1,700,000.00","1,700,000.00","450,000.00","450,000.00",26.50%
Marquise Goodwin,WR,Browns,"1,700,000.00","1,700,000.00","400,000.00","400,000.00",23.50%
Jordan Elliott,IDL,Browns,"1,700,000.00","1,700,000.00","1,500,000.00","1,500,000.00",88.20%
Justin Watson,WR,Chiefs,"3,400,000.00","1,700,000.00","1,300,000.00","650,000.00",38.20%
Ross Dwelley,TE,49ers,"1,700,000.00","1,700,000.00","700,000.00","700,000.00",41.20%
Azeez Ojulari,EDGE,Giants,"6,774,914.00","1,693,729.00","3,915,159.00","978,790.00",57.80%
Darrell Taylor,EDGE,Seahawks,"6,764,512.00","1,691,128.00","4,007,122.00","1,001,781.00",59.20%
Corey Bojorquez,P,Browns,"3,380,000.00","1,690,000.00","1,500,000.00","750,000.00",44.40%
George Pickens,WR,Steelers,"6,752,188.00","1,688,047.00","3,867,506.00","966,877.00",57.30%
Gervon Dexter,IDL,Bears,"6,723,732.00","1,680,933.00","3,695,612.00","923,903.00",55.00%
Carlos Watkins,IDL,Cardinals,"1,670,000.00","1,670,000.00","250,000.00","250,000.00",15.00%
Samuel Cosmi,RG,Commanders,"6,625,568.00","1,656,392.00","3,799,758.00","949,940.00",57.30%
Chase Claypool,WR,Dolphins,"6,616,636.00","1,654,159.00","3,892,856.00","973,214.00",58.80%
Alec Pierce,WR,Colts,"6,601,342.00","1,650,336.00","3,691,037.00","922,759.00",55.90%
Billy Turner,RT,Jets,"1,650,000.00","1,650,000.00","1,000,000.00","1,000,000.00",60.60%
Tuli Tuipulotu,EDGE,Chargers,"6,571,382.00","1,642,846.00","3,577,887.00","894,472.00",54.40%
Rashee Rice,WR,Chiefs,"6,495,218.00","1,623,805.00","3,519,033.00","879,758.00",54.20%
Jeremiah Owusu-Koramoah,LB,Browns,"6,476,224.00","1,619,056.00","3,684,354.00","921,089.00",56.90%
Jaylon Johnson,CB,Bears,"6,468,774.00","1,617,194.00","3,778,599.00","944,650.00",58.40%
Luke Rhodes,LS,Colts,"6,465,000.00","1,616,250.00",0,0,0.00%
Skyy Moore,WR,Chiefs,"6,450,506.00","1,612,627.00","3,574,481.00","893,620.00",55.40%
Tyrique Stevenson,CB,Bears,"6,449,502.00","1,612,376.00","3,483,707.00","870,927.00",54.00%
Kyle Van Noy,EDGE,Ravens,"1,600,000.00","1,600,000.00","1,400,000.00","1,400,000.00",87.50%
Greg Van Roten,RG,Raiders,"1,600,000.00","1,600,000.00","907,500.00","907,500.00",56.70%
Eli Apple,CB,Dolphins,"1,600,000.00","1,600,000.00","500,000.00","500,000.00",31.30%
Nate Sudfeld,QB,Lions,"1,600,000.00","1,600,000.00","1,000,000.00","1,000,000.00",62.50%
Mack Wilson,LB,Patriots,"1,600,000.00","1,600,000.00","575,000.00","575,000.00",35.90%
Dennis Daley,LT,Cardinals,"3,200,000.00","1,600,000.00","750,000.00","375,000.00",23.40%
John Michael Schmitz,C,Giants,"6,373,334.00","1,593,334.00","3,424,849.00","856,212.00",53.70%
Justin Evans,S,Eagles,"1,590,000.00","1,590,000.00","600,000.00","600,000.00",37.70%
Shaquille Leonard,LB,Eagles,"1,583,333.00","1,583,333.00",0,0,0.00%
Dillon Radunz,RT,Titans,"6,326,874.00","1,581,719.00","3,568,949.00","892,237.00",56.40%
Zach Wood,LS,Saints,"6,310,000.00","1,577,500.00","2,300,000.00","575,000.00",36.50%
Joe Cardona,LS,Patriots,"6,300,000.00","1,575,000.00","2,600,000.00","650,000.00",41.30%
Trey McBride,TE,Cardinals,"6,299,660.00","1,574,915.00","3,457,900.00","864,475.00",54.90%
Julio Jones,WR,Eagles,"1,567,000.00","1,567,000.00",0,0,0.00%
Luke Schoonmaker,TE,Cowboys,"6,266,678.00","1,566,670.00","3,342,433.00","835,608.00",53.30%
Sam Williams,EDGE,Cowboys,"6,224,254.00","1,556,064.00","3,399,649.00","849,912.00",54.60%
O'Cyrus Torrence,RG,Bills,"6,220,980.00","1,555,245.00","3,307,120.00","826,780.00",53.20%
Nick Moore,LS,Ravens,"1,550,000.00","1,550,000.00","450,000.00","450,000.00",29.00%
Adam Butler,IDL,Raiders,"1,550,000.00","1,550,000.00","485,800.00","485,800.00",31.30%
Luke Goedeke,LG,Buccaneers,"6,178,986.00","1,544,747.00","3,364,671.00","841,168.00",54.50%
Dayo Odeyingbo,EDGE,Colts,"6,177,530.00","1,544,383.00","3,453,545.00","863,386.00",55.90%
Cam Akers,RB,Vikings,"6,173,042.00","1,543,261.00","3,550,077.00","887,519.00",57.50%
D.J. Turner,CB,Bengals,"6,160,040.00","1,540,010.00","3,260,030.00","815,008.00",52.90%
Brenton Strange,TE,Jaguars,"6,114,342.00","1,528,586.00","3,224,717.00","806,179.00",52.70%
Troy Andersen,LB,Falcons,"6,103,574.00","1,525,894.00","3,306,399.00","826,600.00",54.20%
Juice Scruggs,C,Texans,"6,099,108.00","1,524,777.00","3,212,948.00","803,237.00",52.70%
Marvin Mims,WR,Broncos,"6,068,634.00","1,517,159.00","3,189,399.00","797,350.00",52.60%
Jakeem Grant,WR,Browns,"1,512,500.00","1,512,500.00",0,0,0.00%
Trenton Scott,RT,Commanders,"3,020,000.00","1,510,000.00","655,000.00","327,500.00",21.70%
Pat Freiermuth,TE,Steelers,"6,028,180.00","1,507,045.00","3,338,140.00","834,535.00",55.40%
Josh Tupou,IDL,Bengals,"3,000,000.00","1,500,000.00","300,000.00","150,000.00",10.00%
Neville Gallimore,IDL,Cowboys,"1,500,000.00","1,500,000.00","1,250,000.00","1,250,000.00",83.30%
Dare Ogunbowale,RB,Texans,"3,000,000.00","1,500,000.00","550,000.00","550,000.00",18.30%
DeAndre Carter,WR,Raiders,"1,500,000.00","1,500,000.00","1,255,000.00","1,255,000.00",83.70%
Khaleke Hudson,LB,Commanders,"1,500,000.00","1,500,000.00","300,000.00","300,000.00",20.00%
Jihad Ward,EDGE,Giants,"1,500,000.00","1,500,000.00","500,000.00","500,000.00",33.30%
Adam Trautman,TE,Broncos,"1,500,000.00","1,500,000.00","1,500,000.00","1,500,000.00",100.00%
Antonio Hamilton,CB,Cardinals,"1,500,000.00","1,500,000.00","1,500,000.00","1,500,000.00",100.00%
Rudy Ford,S,Packers,"1,500,000.00","1,500,000.00","50,000.00","50,000.00",3.30%
Mike Ford,CB,Browns,"1,500,000.00","1,500,000.00","925,000.00","925,000.00",61.70%
Ed Ingram,RG,Vikings,"5,997,974.00","1,499,494.00","3,224,799.00","806,200.00",53.80%
Raekwon McMillan,LB,Patriots,"2,990,000.00","1,495,000.00","905,000.00","452,500.00",30.30%
Thomas Hennessy,LS,Jets,"5,970,000.00","1,492,500.00","1,955,000.00","488,750.00",32.70%
D'Wayne Eskridge,WR,Seahawks,"5,953,512.00","1,488,378.00","3,280,442.00","820,111.00",55.10%
Cam Taylor-Britt,CB,Bengals,"5,952,730.00","1,488,183.00","3,189,835.00","797,459.00",53.60%
Tutu Atwell,WR,Rams,"5,908,698.00","1,477,175.00","3,245,813.00","811,453.00",54.90%
Drake Jackson,EDGE,49ers,"5,892,392.00","1,473,098.00","3,143,212.00","785,803.00",53.30%
A.J. Epenesa,EDGE,Bills,"5,877,304.00","1,469,326.00","3,321,554.00","830,389.00",56.50%
Bryan Cook,S,Chiefs,"5,847,142.00","1,461,786.00","3,108,247.00","777,062.00",53.20%
Nick Bolton,LB,Chiefs,"5,834,040.00","1,458,510.00","3,188,120.00","797,030.00",54.60%
James Cook,RB,Bills,"5,832,064.00","1,458,016.00","3,096,594.00","774,149.00",53.10%
Nik Bonitto,EDGE,Broncos,"5,801,888.00","1,450,472.00","3,073,278.00","768,320.00",53.00%
Salvon Ahmed,RB,Dolphins,"1,450,000.00","1,450,000.00","300,000.00","300,000.00",20.70%
JaMycal Hasty,RB,Patriots,"2,900,000.00","1,450,000.00","300,000.00","150,000.00",10.30%
Zacch Pickens,IDL,Bears,"5,763,784.00","1,440,946.00","1,191,844.00","297,961.00",20.70%
Adam Gotsis,IDL,Jaguars,"2,880,000.00","1,440,000.00","1,250,000.00","625,000.00",43.40%
Tyler Steen,RT,Eagles,"5,750,440.00","1,437,610.00","1,182,136.00","295,534.00",20.60%
Sydney Brown,S,Eagles,"5,749,106.00","1,437,277.00","1,181,168.00","295,292.00",20.50%
Drew Sanders,LB,Broncos,"5,734,732.00","1,433,683.00","1,170,712.00","292,678.00",20.40%
Terrace Marshall Jr.,WR,Panthers,"5,729,482.00","1,432,371.00","3,107,327.00","776,832.00",54.20%
J.K. Dobbins,RB,Ravens,"5,729,438.00","1,432,360.00","3,207,293.00","801,823.00",56.00%
Justin Pugh,LG,Giants,"1,430,000.00","1,430,000.00","260,000.00","260,000.00",18.20%
Hendon Hooker,QB,Lions,"5,719,028.00","1,429,757.00","1,159,292.00","289,823.00",20.30%
Charley Hughlett,LS,Browns,"5,715,555.00","1,428,889.00","1,952,027.00","488,007.00",34.20%
Tank Dell,WR,Texans,"5,689,104.00","1,422,276.00","1,137,528.00","284,382.00",20.00%
Pete Werner,LB,Saints,"5,684,682.00","1,421,171.00","3,072,707.00","768,177.00",54.10%
Byron Young,IDL,Raiders,"5,668,710.00","1,417,178.00","1,122,696.00","280,674.00",19.80%
Raekwon Davis,IDL,Dolphins,"5,655,510.00","1,413,878.00","3,150,165.00","787,541.00",55.70%
Kendre Miller,RB,Saints,"5,654,312.00","1,413,578.00","1,112,228.00","278,057.00",19.70%
Trystan Colon,LG,Cardinals,"1,410,000.00","1,410,000.00","250,000.00","250,000.00",17.70%
Garrett Williams,CB,Cardinals,"5,634,930.00","1,408,733.00","1,098,132.00","274,533.00",19.50%
Jalin Hyatt,WR,Giants,"5,625,316.00","1,406,329.00","1,091,140.00","272,785.00",19.40%
Carlos Basham Jr.,EDGE,Giants,"5,624,942.00","1,406,236.00","3,026,547.00","756,637.00",53.80%
Van Jefferson,WR,Falcons,"5,611,140.00","1,402,785.00","3,115,880.00","778,970.00",55.50%
Cedric Tillman,WR,Browns,"5,610,462.00","1,402,616.00","1,080,336.00","270,084.00",19.30%
Iosua Opeta,LG,Eagles,"1,400,000.00","1,400,000.00","175,000.00","175,000.00",12.50%
Josh Harris,LS,Chargers,"5,600,000.00","1,400,000.00","1,920,000.00","480,000.00",34.30%
P.J. Locke,S,Broncos,"1,400,000.00","1,400,000.00","254,000.00","254,000.00",18.10%
Aaron Stinnie,LG,Buccaneers,"1,400,000.00","1,400,000.00",0,0,0.00%
Matt Breida,RB,Giants,"1,400,000.00","1,400,000.00","500,000.00","500,000.00",35.70%
Josh Myers,C,Packers,"5,580,142.00","1,395,036.00","2,991,927.00","747,982.00",53.60%
Zach Harrison,EDGE,Falcons,"5,568,446.00","1,392,112.00","1,049,780.00","262,445.00",18.90%
Creed Humphrey,C,Chiefs,"5,565,208.00","1,391,302.00","2,980,388.00","745,097.00",53.60%
Marte Mapu,LB,Patriots,"5,563,708.00","1,390,927.00","1,046,332.00","261,583.00",18.80%
Byron Young,EDGE,Rams,"5,555,238.00","1,388,810.00","1,040,172.00","260,043.00",18.70%
Tucker Kraft,TE,Packers,"5,537,932.00","1,384,483.00","1,027,588.00","256,897.00",18.60%
Ezra Cleveland,LG,Jaguars,"5,537,216.00","1,384,304.00","3,058,756.00","764,689.00",55.20%
Kyle Trask,QB,Buccaneers,"5,535,336.00","1,383,834.00","2,957,306.00","739,327.00",53.40%
Josh Downs,WR,Colts,"5,520,456.00","1,380,114.00","1,014,876.00","253,719.00",18.40%
D.J. Johnson,EDGE,Panthers,"5,502,988.00","1,375,747.00","1,002,172.00","250,543.00",18.20%
Luke Fortner,C,Jaguars,"5,500,062.00","1,375,016.00","1,180,044.00","295,011.00",21.50%
James Winchester,LS,Chiefs,"2,750,000.00","1,375,000.00","465,000.00","232,500.00",16.90%
Tyjae Spears,RB,Titans,"5,490,602.00","1,372,651.00","993,164.00","248,291.00",18.10%
Brian Asamoah,LB,Vikings,"5,486,844.00","1,371,711.00","1,170,432.00","292,608.00",21.30%
Joshua Ezeudu,LG,Giants,"5,485,524.00","1,371,381.00","1,169,472.00","292,368.00",21.30%
Martin Emerson,CB,Browns,"5,471,290.00","1,367,823.00","1,159,120.00","289,780.00",21.20%
YaYa Diaby,EDGE,Buccaneers,"5,465,412.00","1,366,353.00","974,844.00","243,711.00",17.80%
Nicholas Petit-Frere,RT,Titans,"5,455,740.00","1,363,935.00","1,147,812.00","286,953.00",21.00%
Riley Moss,CB,Broncos,"5,447,490.00","1,361,873.00","961,812.00","240,453.00",17.70%
Devon Achane,RB,Dolphins,"5,437,450.00","1,359,363.00","954,508.00","238,627.00",17.60%
Chad Muma,LB,Jaguars,"5,426,116.00","1,356,529.00","1,126,264.00","281,566.00",20.80%
Daiyan Henley,LB,Chargers,"5,420,426.00","1,355,107.00","942,128.00","235,532.00",17.40%
Blake Ferguson,LS,Dolphins,"4,060,000.00","1,353,333.00","1,560,000.00","520,000.00",38.40%
Velus Jones Jr.,WR,Bears,"5,405,924.00","1,351,481.00","1,111,580.00","277,895.00",20.60%
Trenton Simpson,LB,Ravens,"5,404,502.00","1,351,126.00","930,548.00","232,637.00",17.20%
Rashaad Penny,RB,Eagles,"1,350,000.00","1,350,000.00","600,000.00","600,000.00",44.40%
Kareem Hunt,RB,Browns,"1,350,000.00","1,350,000.00","500,000.00","500,000.00",37.00%
Ji'Ayir Brown,S,49ers,"5,395,804.00","1,348,951.00","924,220.00","231,055.00",17.10%
Tank Bigsby,RB,Jaguars,"5,392,918.00","1,348,230.00","922,120.00","230,530.00",17.10%
Abraham Lucas,RT,Seahawks,"5,391,672.00","1,347,918.00","1,101,216.00","275,304.00",20.40%
Kobie Turner,IDL,Rams,"5,391,470.00","1,347,868.00","921,068.00","230,267.00",17.10%
DeMarvion Overshown,LB,Cowboys,"5,390,022.00","1,347,506.00","920,016.00","230,004.00",17.10%
Josh Uche,EDGE,Patriots,"5,389,336.00","1,347,334.00","2,944,486.00","736,122.00",54.60%
Dorian Williams,LB,Bills,"5,382,806.00","1,345,702.00","914,768.00","228,692.00",17.00%
Jelani Woods,TE,Colts,"5,372,484.00","1,343,121.00","1,087,260.00","271,815.00",20.20%
Wanya Morris,LT,Chiefs,"5,368,352.00","1,342,088.00","904,256.00","226,064.00",16.80%
Andrew DePaola,LS,Vikings,"4,025,000.00","1,341,666.00","1,515,000.00","505,000.00",37.60%
Desmond Ridder,QB,Falcons,"5,362,962.00","1,340,741.00","1,080,336.00","270,084.00",20.10%
Darnell Washington,TE,Steelers,"5,353,912.00","1,338,478.00","893,752.00","223,438.00",16.70%
Christian Harris,LB,Texans,"5,348,258.00","1,337,065.00","1,069,640.00","267,410.00",20.00%
Michael Wilson,WR,Cardinals,"5,339,462.00","1,334,866.00","883,244.00","220,811.00",16.50%
Kristian Fulton,CB,Titans,"5,330,196.00","1,332,549.00","2,898,786.00","724,697.00",54.40%
Jordan Battle,S,Bengals,"5,325,016.00","1,331,254.00","872,740.00","218,185.00",16.40%
Travis Jones,IDL,Ravens,"5,306,660.00","1,326,665.00","1,039,388.00","259,847.00",19.60%
Brodric Martin,IDL,Lions,"5,304,082.00","1,326,021.00","857,512.00","214,378.00",16.20%
Siaki Ika,IDL,Browns,"5,304,082.00","1,326,021.00","857,512.00","214,378.00",16.20%
Jake Moody,K,49ers,"5,304,082.00","1,326,021.00","857,512.00","214,378.00",16.20%
Tre Tucker,WR,Raiders,"5,304,082.00","1,326,021.00","857,512.00","214,378.00",16.20%
Mekhi Blackmon,CB,Vikings,"5,304,082.00","1,326,021.00","857,512.00","214,378.00",16.20%
Cameron Latu,TE,49ers,"5,304,082.00","1,326,021.00","857,512.00","214,378.00",16.20%
Ricky Stromberg,C,Commanders,"5,304,082.00","1,326,021.00","857,512.00","214,378.00",16.20%
Bernhard Raimann,LT,Colts,"5,301,960.00","1,325,490.00","1,035,972.00","258,993.00",19.50%
Drew Forbes,LG,Browns,"1,325,000.00","1,325,000.00","200,000.00","200,000.00",15.10%
Alex Wright,EDGE,Browns,"5,293,574.00","1,323,394.00","1,029,872.00","257,468.00",19.50%
A.J. Dillon,RB,Packers,"5,285,830.00","1,321,458.00","2,760,240.00","690,060.00",52.20%
Taybor Pepper,LS,49ers,"3,960,000.00","1,320,000.00","1,500,000.00","500,000.00",37.90%
J.T. Woods,S,Chargers,"5,276,440.00","1,319,110.00","1,017,412.00","254,353.00",19.30%
"Willie Gay, Jr.",LB,Chiefs,"5,271,046.00","1,317,762.00","2,853,081.00","713,270.00",54.10%
Kendall Lamm,RT,Dolphins,"1,317,500.00","1,317,500.00","200,000.00","200,000.00",15.20%
Kamu Grugier-Hill,LB,Panthers,"1,317,500.00","1,317,500.00","152,500.00","152,500.00",11.60%
Blaine Gabbert,QB,Chiefs,"1,317,500.00","1,317,500.00","1,092,500.00","1,092,500.00",82.90%
Chris Moore,WR,Titans,"1,317,500.00","1,317,500.00","1,000,000.00","1,000,000.00",75.90%
Shaq Lawson,EDGE,Bills,"1,317,500.00","1,317,500.00","452,500.00","452,500.00",34.30%
Trai Turner,RG,Saints,"1,317,500.00","1,317,500.00","152,500.00","152,500.00",11.60%
Johnathan Hankins,IDL,Cowboys,"1,317,500.00","1,317,500.00","1,092,500.00","1,092,500.00",82.90%
Henry Anderson,IDL,Panthers,"1,317,500.00","1,317,500.00","152,500.00","152,500.00",11.60%
John Jenkins,IDL,Raiders,"1,317,500.00","1,317,500.00","200,000.00","200,000.00",15.20%
Blake Bell,TE,Chiefs,"1,317,500.00","1,317,500.00",0,0,0.00%
Jonathan Bullard,IDL,Vikings,"1,317,500.00","1,317,500.00","50,000.00","50,000.00",3.80%
Michael Burton,FB,Broncos,"1,317,500.00","1,317,500.00","1,066,250.00","1,066,250.00",80.90%
Rodney McLeod,S,Browns,"1,317,500.00","1,317,500.00","852,500.00","852,500.00",64.70%
J.J. Jansen,LS,Panthers,"1,317,500.00","1,317,500.00","552,500.00","552,500.00",41.90%
Casey Kreiter,LS,Giants,"1,317,500.00","1,317,500.00","352,500.00","352,500.00",26.80%
Patrick Scales,LS,Bears,"1,317,500.00","1,317,500.00","1,092,500.00","1,092,500.00",82.90%
Jerick McKinnon,RB,Chiefs,"1,317,500.00","1,317,500.00","1,092,500.00","1,092,500.00",82.90%
David Mayo,LB,Commanders,"1,317,500.00","1,317,500.00","152,500.00","152,500.00",11.60%
Markus Golden,EDGE,Steelers,"1,317,500.00","1,317,500.00","152,500.00","152,500.00",11.60%
Morgan Cox,LS,Titans,"1,317,500.00","1,317,500.00","1,002,500.00","1,002,500.00",76.10%
Mario Edwards Jr.,IDL,Seahawks,"1,317,500.00","1,317,500.00","152,500.00","152,500.00",11.60%
Latavius Murray,RB,Bills,"1,317,500.00","1,317,500.00","802,500.00","802,500.00",60.90%
Sterling Shepard,WR,Giants,"1,317,500.00","1,317,500.00",0,0,0.00%
Aaron Brewer,LS,Cardinals,"1,317,500.00","1,317,500.00",0,0,0.00%
